"","x"
"1",2316.55004882812
"2",2389.90991210938
"3",2349.88989257812
"4",2315.75
"5",2298.64990234375
"6",2286.44995117188
"7",2347.46997070312
"8",2339.51000976562
"9",2345.85009765625
"10",2338.01000976562
"11",2361.56005859375
"12",2396.6298828125
"13",2390.63989257812
"14",2435.0400390625
"15",2426.9599609375
"16",2441.43994140625
"17",2432.07006835938
"18",2421.1201171875
"19",2460.39990234375
"20",2436.6201171875
"21",2404.6201171875
"22",2416.65991210938
"23",2470.7900390625
"24",2478.14990234375
"25",2515.14990234375
"26",2507.88989257812
"27",2514.1201171875
"28",2512.919921875
"29",2522.34008789062
"30",2480.76000976562
"31",2491.5400390625
"32",2488.2900390625
"33",2493.9599609375
"34",2489.35009765625
"35",2520.31005859375
"36",NA
"37",2541.60009765625
"38",2519
"39",2508.080078125
"40",2523.68994140625
"41",2513.06005859375
"42",2519.71997070312
"43",2512.11010742188
"44",2548.65991210938
"45",2546.15991210938
"46",2529.86010742188
"47",2443.52001953125
"48",2460.77001953125
"49",2514.21997070312
"50",2515.94995117188
"51",2514.96997070312
"52",2556.82006835938
"53",2574.7900390625
"54",2593.96997070312
"55",2608.30004882812
"56",2608.419921875
"57",2576.61010742188
"58",2567.580078125
"59",2530.21997070312
"60",2525.42993164062
"61",2539.8701171875
"62",2525.2099609375
"63",2496.67993164062
"64",2452.73999023438
"65",2477.28002929688
"66",2501.17993164062
"67",2458.97998046875
"68",2398.4599609375
"69",2392.5400390625
"70",2321.53002929688
"71",2341.36010742188
"72",2352.23999023438
"73",2291.51000976562
"74",2301.18994140625
"75",2367.05004882812
"76",2327.84008789062
"77",2284.669921875
"78",2311.27001953125
"79",2244.830078125
"80",2284.080078125
"81",2322.90991210938
"82",2322.68994140625
"83",2344.02001953125
"84",2306.42993164062
"85",2290.31005859375
"86",2287.10009765625
"87",2248.34008789062
"88",2283.09008789062
"89",2236.11010742188
"90",2225.6298828125
"91",2247.3798828125
"92",2254.5400390625
"93",2201.94995117188
"94",2178.669921875
"95",2175.34008789062
"96",2144.68994140625
"97",2150.15991210938
"98",2192.85009765625
"99",2134.05004882812
"100",2156.52001953125
"101",2161.8701171875
"102",2160.31005859375
"103",2116.17993164062
"104",2118.93994140625
"105",2068.65991210938
"106",2078.9599609375
"107",2087.31005859375
"108",2137.72998046875
"109",2143.080078125
"110",2143.89990234375
"111",2137.69995117188
"112",2143.3798828125
"113",2143.5
"114",2148.2099609375
"115",2181.22998046875
"116",2155.63989257812
"117",2198.01000976562
"118",2207.48999023438
"119",2199.419921875
"120",2186.81005859375
"121",2130.7099609375
"122",2127.94995117188
"123",2165.61010742188
"124",2157.6201171875
"125",2264.71997070312
"126",2292.080078125
"127",2320.42993164062
"128",2312.40991210938
"129",2284.919921875
"130",2235.51000976562
"131",2227.90991210938
"132",2241.85009765625
"133",2246.22998046875
"134",2228.01000976562
"135",2259.09008789062
"136",2251.9599609375
"137",2250.75
"138",2284.69995117188
"139",2302.44995117188
"140",2237.330078125
"141",2179.31005859375
"142",2151.5400390625
"143",2159.09008789062
"144",2251.05004882812
"145",2301.22998046875
"146",2340.31005859375
"147",2325.71997070312
"148",2263.36010742188
"149",2372.580078125
"150",2399.32006835938
"151",2440.23999023438
"152",2432.28002929688
"153",2437.0400390625
"154",2423.21997070312
"155",2415.9599609375
"156",2432.2900390625
"157",2430.38989257812
"158",2456.53002929688
"159",2471.53002929688
"160",2466.32006835938
"161",2490.27001953125
"162",2452.72998046875
"163",2429.169921875
"164",2434.22998046875
"165",2461.82006835938
"166",2442.1201171875
"167",2434.22998046875
"168",2403.80004882812
"169",2440.7099609375
"170",2463.169921875
"171",2436.5400390625
"172",2441.81005859375
"173",2524.94995117188
"174",2538.60009765625
"175",2528.53002929688
"176",2557.64990234375
"177",2564.80004882812
"178",2543.21997070312
"179",2594.56005859375
"180",2583.57006835938
"181",2553.39990234375
"182",2567.669921875
"183",2553.03002929688
"184",2577.080078125
"185",2557.88989257812
"186",2568.47998046875
"187",2498.52001953125
"188",2506.06005859375
"189",2454.26000976562
"190",2498.81005859375
"191",2493.59008789062
"192",2492.47998046875
"193",2485.75
"194",2531.2099609375
"195",2496.09008789062
"196",2472.22998046875
"197",2456.5400390625
"198",2487.080078125
"199",2469.09008789062
"200",2485.1201171875
"201",2547.89990234375
"202",2569.830078125
"203",2574.18994140625
"204",2542.23999023438
"205",2531.10009765625
"206",2477.919921875
"207",2490.580078125
"208",2483.42993164062
"209",2496.10009765625
"210",2478.84008789062
"211",2515.98999023438
"212",2503.63989257812
"213",2533.8701171875
"214",2547.14990234375
"215",2517.669921875
"216",2535.93994140625
"217",2479.10009765625
"218",2479.1298828125
"219",2479.82006835938
"220",2473.52001953125
"221",2493.13989257812
"222",2472.84008789062
"223",2461.77001953125
"224",2427.32006835938
"225",2495.2099609375
"226",2509.6201171875
"227",2519.67993164062
"228",2535.09008789062
"229",2557.03002929688
"230",2542.52001953125
"231",2543.44995117188
"232",2546.84008789062
"233",2581.68994140625
"234",2575.25
"235",2582.36010742188
"236",2590.830078125
"237",2592.09008789062
"238",2603.40991210938
"239",2601.3701171875
"240",2596.02001953125
"241",2624.03002929688
"242",2630.34008789062
"243",2627.65991210938
"244",2630.5400390625
"245",2628.01000976562
"246",2643.5
"247",2654.68994140625
"248",2658.30004882812
"249",2651.09008789062
"250",2659.94995117188
"251",2626.85009765625
