"Date","observed","fundamental","deviation"
2008-10-16,2423.80004882812,3177.18575099257,-753.385702164452
2008-10-17,2532.169921875,3163.16394643315,-630.994024558146
2008-10-20,2613.67993164062,3151.01804239242,-537.338110751798
2008-10-21,2598.96997070312,3138.68755202997,-539.71758132685
2008-10-22,2457.96997070312,3124.66394643315,-666.693975730026
2008-10-23,2452.03002929688,3110.35525662782,-658.325227330938
2008-10-24,2333.28002929688,3093.40361648309,-760.123587186215
2008-10-28,2381.67993164062,3077.23738473361,-695.557453092987
2008-10-29,2515.23999023438,3064.54853195441,-549.308541720026
2008-10-30,2528.0400390625,3050.58049836706,-522.54045930456
2008-10-31,2591.76000976562,3037.18279328893,-445.422783523315
2008-11-03,2610.0400390625,3024.27771196209,-414.23767289959
2008-11-04,2755.1201171875,3013.56689453125,-258.44677734375
2008-11-05,2710.64990234375,3001.51755010886,-290.867647765112
2008-11-06,2542.0400390625,2986.84853275487,-444.808493692367
2008-11-07,2602.5400390625,2974.51722191983,-371.977182857326
2008-11-10,2625.84008789062,2962.53361536245,-336.693527471829
2008-11-11,2483.61010742188,2948.04164798924,-464.431540567362
2008-11-12,2400.73999023438,2932.21623655225,-531.476246317874
2008-11-13,2429.93994140625,2918.28492411629,-488.344982710041
2008-11-14,2458.31005859375,2904.56410492444,-446.254046330686
2008-11-17,2364.830078125,2890.07082879739,-525.240750672388
2008-11-18,2390.10009765625,2874.95099577357,-484.850898117316
2008-11-19,2295.36010742188,2858.80263831967,-563.442530897792
2008-11-20,2225.98999023438,2841.23821321081,-615.24822297643
2008-11-21,2165.90991210938,2822.66050845287,-656.750596343489
2008-11-24,2380.30004882812,2806.60936299308,-426.309314164964
2008-11-25,2385.89990234375,2790.54821577228,-404.648313428535
2008-11-26,2373.82006835938,2774.30920210041,-400.48913374103
2008-11-27,2427.96997070312,2758.10444816214,-330.134477459022
2008-11-28,2430.31005859375,2742.71658075051,-312.406522156763
2008-12-01,2288.38989257812,2726.5455942623,-438.155701684175
2008-12-02,2354.1298828125,2712.91116483094,-358.781282018443
2008-12-03,2369.52001953125,2697.91772060707,-328.39770107582
2008-12-04,2368.71997070312,2683.28903048156,-314.569059778437
2008-12-05,2252.09008789062,2667.06067094647,-414.970583055845
2008-12-08,2449.28002929688,2654.39148949795,-205.111460201071
2008-12-09,2480.7900390625,2641.32214555584,-160.53210649334
2008-12-10,2495.580078125,2630.57477106814,-134.994692943135
2008-12-11,2485.38989257812,2620.68886878842,-135.298976210302
2008-12-12,2418.90991210938,2610.8550965356,-191.945184426224
2008-12-15,2407.46997070312,2601.12788165984,-193.657910956716
2008-12-16,2450.36010742188,2587.96132572362,-137.601218301737
2008-12-17,2444.4599609375,2575.87427558274,-131.414314645236
2008-12-18,2452.419921875,2564.60525662782,-112.185334752818
2008-12-19,2444.13989257812,2553.52836834016,-109.388475762044
2008-12-22,2397.64990234375,2540.25852891265,-142.608626568904
2008-12-23,2382.13989257812,2527.5647573002,-145.424864722085
2008-12-24,2382.13989257812,2517.30164174565,-135.161749167525
2008-12-29,2388.30004882812,2506.64754498591,-118.347496157791
2008-12-30,2451.47998046875,2496.55131355661,-45.0713330878584
2008-12-31,2451.47998046875,2487.43606717469,-35.9560867059422
2009-01-05,2553.40991210938,2478.24901543289,75.1608966764911
2009-01-06,2578.42993164062,2473.48606397285,104.943867667772
2009-01-07,2538.55004882812,2467.89754098361,70.6525078445138
2009-01-08,2516.56005859375,2464.97967229124,51.5803863025108
2009-01-09,2486.59008789062,2462.64442719006,23.9456607005591
2009-01-12,2451.8701171875,2463.13623046875,-11.2661132812495
2009-01-13,2411.28002929688,2458.59459048412,-47.3145611872383
2009-01-14,2298.4599609375,2451.0818031186,-152.621842181096
2009-01-15,2257.669921875,2445.82950579534,-188.159583920337
2009-01-16,2281.44995117188,2443.49589763704,-162.045946465159
2009-01-19,2252.38989257812,2438.90933977971,-186.519447201593
2009-01-20,2200.80004882812,2432.14081711066,-231.340768282535
2009-01-21,2188.42993164062,2425.41065253586,-236.98072089524
2009-01-22,2160.07006835938,2420.52704757941,-260.456979220025
2009-01-23,2147.8701171875,2415.54081951204,-267.670702324539
2009-01-26,2226.77001953125,2413.79475377818,-187.024734246926
2009-01-27,2224.6201171875,2411.22000272157,-186.599885534067
2009-01-28,2322.78002929688,2408.06492139472,-85.2848920978431
2009-01-29,2269.39990234375,2403.82491915343,-134.425016809682
2009-01-30,2236.97998046875,2398.00885309938,-161.028872630635
2009-02-02,2198.73999023438,2391.2662293481,-192.526239113724
2009-02-03,2244.88989257812,2382.90179943647,-138.011906858355
2009-02-04,2297.72998046875,2376.13262038934,-78.4026399205941
2009-02-05,2293.22998046875,2372.05376696977,-78.8237865010242
2009-02-06,2343.65991210938,2367.80983046235,-24.1499183529659
2009-02-09,2348.94995117188,2363.27064789319,-14.3206967213064
2009-02-10,2268.14990234375,2359.73851338371,-91.5886110399588
2009-02-11,2267.89990234375,2357.56080702485,-89.6609046810959
2009-02-12,2214.94995117188,2354.03638095543,-139.08642978355
2009-02-13,2228.2900390625,2350.26556096311,-121.975521900615
2009-02-17,2119.97998046875,2346.25162493596,-226.271644467213
2009-02-18,2118.46997070312,2341.79867203509,-223.328701331972
2009-02-19,2114.84008789062,2338.83932745261,-223.999239561992
2009-02-20,2011.68005371094,2335.32604980469,-323.645996093747
2009-02-23,1991.63000488281,2332.46900214524,-340.838997262425
2009-02-24,1977.5,2325.86572265625,-348.36572265625
2009-02-25,1965.26000976562,2318.96998671235,-353.709976946726
2009-02-26,2021.14001464844,2313.18834648758,-292.048331839136
2009-02-27,1976.22998046875,2305.78277287718,-329.552792408427
2009-03-02,1882.7900390625,2296.80703485207,-414.016995789574
2009-03-03,1864.72998046875,2289.86179039127,-425.131809922515
2009-03-04,1943.4599609375,2283.12949659004,-339.669535652536
2009-03-05,1852.25,2274.64966020428,-422.399660204277
2009-03-06,1817.23999023438,2265.60900478676,-448.369014552377
2009-03-09,1809.97998046875,2258.36129810771,-448.38131763896
2009-03-10,1919.53002929688,2249.6768718782,-330.146842581322
2009-03-11,1932.7900390625,2240.69326532082,-307.903226258325
2009-03-12,1962.64001464844,2231.95654296875,-269.31652832031
2009-03-13,1969.52001953125,2223.49965980405,-253.979640272797
2009-03-16,2033.71997070312,2217.18507060067,-183.465099897546
2009-03-17,2012.25,2210.7060546875,-198.4560546875
2009-03-18,2019.18994140625,2203.63769131019,-184.447749903944
2009-03-19,2039.57995605469,2197.00031418097,-157.420358126278
2009-03-20,2050.9599609375,2190.41900334593,-139.459042408427
2009-03-23,2121.71997070312,2185.13343085617,-63.4134601530532
2009-03-24,2127.3701171875,2180.70261470607,-53.3324975185706
2009-03-25,2149.17993164062,2176.883598953,-27.7036673123766
2009-03-26,2156.96997070312,2173.19228875832,-16.2223180552046
2009-03-27,2118.76000976562,2168.77359959337,-50.0135898277454
2009-03-30,2010.60998535156,2161.54622262423,-150.936237272671
2009-03-31,2071.1298828125,2155.31097512167,-84.1810923091698
2009-04-01,2097.57006835938,2147.8381907979,-50.2681224385192
2009-04-02,2216.48999023438,2141.9047491355,74.5852410988782
2009-04-03,2198.75,2136.33425653176,62.4157434682379
2009-04-06,2179.72998046875,2130.81245197234,48.917528496414
2009-04-07,2165.56005859375,2125.54966460681,40.0103939869364
2009-04-08,2186.7900390625,2121.20408955558,65.5859495069158
2009-04-09,2247.88989257812,2118.52556272413,129.364329853991
2009-04-14,2278.64990234375,2118.20080766522,160.449094678535
2009-04-15,2262.9599609375,2118.28752961706,144.672431320441
2009-04-16,2300.51000976562,2118.59998959401,181.910020171614
2009-04-17,2341.14990234375,2120.05507172131,221.094830622439
2009-04-20,2249.43994140625,2120.85244700948,128.587494396772
2009-04-21,2243.6298828125,2121.7573642418,121.872518570697
2009-04-22,2285.68994140625,2123.8167064229,161.87323498335
2009-04-23,2259.5400390625,2125.64736087987,133.892678182633
2009-04-24,2319.88989257812,2127.17391617572,192.715976402403
2009-04-27,2317.36010742188,2128.69424388448,188.665863537402
2009-04-28,2280.52001953125,2128.00145683914,152.518562692111
2009-04-29,2334.59008789062,2129.07014840548,205.519939485139
2009-04-30,2375.34008789062,2131.33834688781,244.001741002813
2009-05-04,2419.53002929688,2134.9578557249,284.572173571983
2009-05-05,2407.55004882812,2137.62441566342,269.925633164698
2009-05-06,2437.27001953125,2139.9119572874,297.358062243853
2009-05-07,2406.080078125,2141.76195888832,264.318119236681
2009-05-08,2462.38989257812,2143.70835201076,318.681540567362
2009-05-11,2433.59008789062,2145.09589523566,288.494192654965
2009-05-12,2424.34008789062,2147.65639008069,276.683697809934
2009-05-13,2357.30004882812,2149.12196625256,208.17808257556
2009-05-14,2353.53002929688,2151.39377081199,202.136258484893
2009-05-15,2364.10009765625,2153.62016521516,210.479932441087
2009-05-18,2422.73999023438,2158.58344406378,264.1565461706
2009-05-19,2459.59008789062,2164.17557713243,295.414510758193
2009-05-20,2487.169921875,2170.27934490266,316.890576972336
2009-05-22,2433.52001953125,2177.19475417841,256.325265352844
2009-05-25,2440.22998046875,2184.54885213883,255.681128329919
2009-05-26,2468.44995117188,2192.59721199411,275.852739177772
2009-05-27,2479.47998046875,2201.0270475794,278.452932889345
2009-05-28,2453.14990234375,2208.10917688589,245.040725457864
2009-05-29,2451.23999023438,2215.89622622631,235.343764008074
2009-06-02,2534.169921875,2226.57458496094,307.595336914063
2009-06-03,2483.38989257812,2236.71655073322,246.673341844898
2009-06-04,2487.080078125,2245.62835593302,241.451722191983
2009-06-05,2503.169921875,2256.29917432441,246.87074755059
2009-06-08,2468.3701171875,2266.97343870069,201.396678486809
2009-06-09,2479.3798828125,2277.94720759157,201.432675220928
2009-06-10,2500.93994140625,2287.47851762615,213.461423780098
2009-06-11,2522.330078125,2297.14310843046,225.186969694545
2009-06-12,2509.21997070312,2306.10343557889,203.116535124228
2009-06-15,2431.39990234375,2313.67523693647,117.724665407276
2009-06-16,2425.96997070312,2320.10556480533,105.864405897793
2009-06-17,2383.7099609375,2326.19507236168,57.5148885758204
2009-06-18,2414.43994140625,2332.6745805584,81.765360847849
2009-06-19,2434.77001953125,2339.15310618916,95.6169133420858
2009-06-22,2359.28002929688,2344.20753353932,15.0724957575621
2009-06-23,2353.47998046875,2348.00687796171,5.47310250704459
2009-06-24,2418.4599609375,2352.77884261334,65.6811183241552
2009-06-25,2402.32006835938,2356.92868092021,45.3913874391706
2009-06-26,2389.90991210938,2360.74736848425,29.1625436251334
2009-06-29,2437.71997070312,2365.97622030289,71.743750400226
2009-06-30,2401.68994140625,2372.38736712346,29.3025742827872
2009-07-01,2449.72998046875,2378.59392610143,71.1360543673159
2009-07-02,2369.64990234375,2383.05425124872,-13.4043489049686
2009-07-03,2376.47998046875,2385.67703797387,-9.1970575051223
2009-07-06,2343.8798828125,2388.05621638063,-44.1763335681349
2009-07-07,2320.89990234375,2390.37047739498,-69.4705750512289
2009-07-08,2291.330078125,2392.43228099385,-101.102202868852
2009-07-09,2313.8701171875,2394.51556096311,-80.6454437756142
2009-07-10,2281.46997070312,2395.06605404713,-113.596083344011
2009-07-13,2345.21997070312,2396.15736664319,-50.9373959400659
2009-07-14,2370.7099609375,2397.92376008581,-27.2137991483087
2009-07-15,2451.02001953125,2400.39113729508,50.6288822361685
2009-07-16,2458.96997070312,2402.32261382556,56.6473568775568
2009-07-17,2469.19995117188,2405.92523693647,63.2747142354051
2009-07-20,2500.68994140625,2410.13933625768,90.5506051485659
2009-07-21,2519.98999023438,2413.9803206647,106.009669569677
2009-07-22,2528.85009765625,2418.39523965804,110.454857998207
2009-07-23,2585.7900390625,2422.75425845287,163.035780609631
2009-07-24,2582.76000976562,2427.10507652408,155.654933241542
2009-07-27,2601.40991210938,2432.36556656634,169.044345543038
2009-07-28,2573.080078125,2436.2752385374,136.804839587603
2009-07-29,2600.31005859375,2439.96327084401,160.346787749744
2009-07-30,2654.73999023438,2443.81917184298,210.920818391399
2009-07-31,2638.1298828125,2447.59916912141,190.530713691086
2009-08-03,2674.07006835938,2451.48113713499,222.58893122439
2009-08-04,2670.9599609375,2455.82343029585,215.13653064165
2009-08-05,2643.1298828125,2458.78638095543,184.34350185707
2009-08-06,2662.01000976562,2462.53096983863,199.479039926993
2009-08-07,2706.21997070312,2467.15195152408,239.068019179042
2009-08-10,2693.61010742188,2472.66523117316,220.944876248724
2009-08-11,2650.93994140625,2477.54080350282,173.399137903432
2009-08-12,2688.2099609375,2482.85407995005,205.355880987448
2009-08-13,2705.73999023438,2487.49342421235,218.246566022034
2009-08-14,2669.40991210938,2490.93309346183,178.476818647546
2009-08-17,2603.7900390625,2492.84489866163,110.945140400871
2009-08-18,2630.60009765625,2496.0757196145,134.524378041752
2009-08-19,2622.8798828125,2499.06998030866,123.809902503842
2009-08-20,2663.669921875,2502.27030769723,161.399614177766
2009-08-21,2745.6201171875,2506.6332607582,238.986856429303
2009-08-24,2778.34008789062,2511.96424740651,266.375840484114
2009-08-25,2801.13989257812,2517.70031137935,283.439581198766
2009-08-26,2788.89990234375,2521.87621269851,267.023689645236
2009-08-27,2777.6201171875,2526.69965900359,250.920458183914
2009-08-28,2803.64990234375,2531.88932825307,271.760574090676
2009-08-31,2770.11010742188,2536.2653968686,233.844710553284
2009-09-01,2715.73999023438,2540.32064068904,175.419349545343
2009-09-02,2703.76000976562,2543.99900342597,159.761006339646
2009-09-03,2699.21997070312,2547.24949570953,151.970474993591
2009-09-04,2743.34008789062,2550.87261062372,192.467477266901
2009-09-08,2786.25,2555.41408651383,230.835913486168
2009-09-09,2820.580078125,2561.79408939549,258.785988729508
2009-09-10,2817.5,2568.21261446593,249.287385534068
2009-09-11,2831.3701171875,2575.551305552,255.818811635502
2009-09-14,2829.25,2582.35147044698,246.898529553022
2009-09-15,2843,2589.04376520876,253.95623479124
2009-09-16,2882.28002929688,2597.61753570056,284.662493596316
2009-09-17,2895.44995117188,2606.50228931865,288.947661853232
2009-09-18,2887.23999023438,2614.18720783171,273.052782402669
2009-09-21,2872.51000976562,2621.89523965804,250.614770107577
2009-09-22,2881.60009765625,2629.95573450307,251.644363153176
2009-09-23,2887.23999023438,2637.32491515113,249.915075083253
2009-09-24,2838.21997070312,2644.4811451396,193.73882556352
2009-09-25,2831.94995117188,2650.74704629867,181.202904873212
2009-09-28,2899.1201171875,2659.42688588627,239.693231301229
2009-09-29,2892.43994140625,2667.88524590164,224.554695504611
2009-09-30,2872.6298828125,2676.55327868852,196.076604123975
2009-10-01,2810.4599609375,2684.57885341957,125.88110751793
2009-10-02,2760.60009765625,2692.27180455943,68.3282930968235
2009-10-05,2790.78002929688,2700.08999983991,90.6900294569718
2009-10-06,2865.69995117188,2709.66754050333,156.03241066855
2009-10-07,2852.169921875,2717.97819544057,134.191726434426
2009-10-08,2887.61010742188,2726.45196833376,161.158139088119
2009-10-09,2882.17993164062,2733.52016361424,148.659768026378
2009-10-12,2914.35009765625,2740.98541159708,173.364686059169
2009-10-13,2879.06005859375,2747.70442975154,131.355628842213
2009-10-14,2950.82006835938,2755.08361216061,195.736456198775
2009-10-15,2939.09008789062,2761.95410556481,177.135982325814
2009-10-16,2893.53002929688,2767.9324650999,125.597564196982
2009-10-19,2947.40991210938,2773.86065974001,173.549252369369
2009-10-20,2925.080078125,2779.47246413934,145.607613985655
2009-10-21,2936.830078125,2784.9711553855,151.858922739497
2009-10-22,2902.18994140625,2790.36639904585,111.823542360399
2009-10-23,2886.080078125,2795.0511534644,91.0289246606039
2009-10-26,2834.82006835938,2798.00328589267,36.8167824667053
2009-10-27,2835.169921875,2801.23345046747,33.93647140753
2009-10-28,2778.4599609375,2802.94476018187,-24.4847992443651
2009-10-29,2824.78002929688,2805.46640064677,19.3136286501067
2009-10-30,2743.5,2807.11181240395,-63.6118124039454
2009-11-02,2762.94995117188,2808.76656554175,-45.8166143698727
2009-11-03,2712.30004882812,2808.86623895364,-96.566190125518
2009-11-04,2763.2900390625,2810.00853291496,-46.7184938524597
2009-11-05,2793.43994140625,2812.34459848873,-18.9046570824803
2009-11-06,2794.25,2814.08295978484,-19.8329597848369
2009-11-09,2860.11010742188,2816.61361744365,43.4964899782317
2009-11-10,2856.43994140625,2819.6796834977,36.7602579085546
2009-11-11,2881.01000976562,2824.22427318135,56.7857365842669
2009-11-12,2876.919921875,2828.26230308658,48.6576187884216
2009-11-13,2883.0400390625,2832.52722368084,50.5128153816595
2009-11-16,2926.14990234375,2836.83017418033,89.3197281634216
2009-11-17,2906.919921875,2839.47443327357,67.4454886014341
2009-11-18,2908.53002929688,2841.6086946081,66.921334688785
2009-11-19,2860.2900390625,2842.57836914063,17.7116699218741
2009-11-20,2833.06005859375,2843.30230612833,-10.2422475345807
2009-11-23,2898.18994140625,2845.27886062372,52.91108078253
2009-11-24,2877.580078125,2846.49083071849,31.0892474065054
2009-11-25,2896.89990234375,2848.56935194672,48.3305503970282
2009-11-26,2799.43994140625,2849.9414822938,-50.501540887552
2009-11-27,2831.13989257812,2852.02967709401,-20.8897845158867
2009-11-30,2797.25,2853.63672675461,-56.3867267546111
2009-12-01,2871.75,2855.74180728099,16.0081927190054
2009-12-02,2877.93994140625,2857.24492107454,20.6950203317101
2009-12-03,2876.13989257812,2858.15573770492,17.9841548732015
2009-12-04,2910.330078125,2859.67754226434,50.652535860655
2009-12-07,2896.22998046875,2860.74081871158,35.4891617571716
2009-12-08,2849.169921875,2861.06737480789,-11.8974529328898
2009-12-09,2818.10009765625,2860.6591796875,-42.5590820312505
2009-12-10,2851.2900390625,2860.15114706071,-8.86110799820744
2009-12-11,2862.32006835938,2859.60803422772,2.71203413166404
2009-12-14,2885,2859.57131307633,25.4286869236676
2009-12-15,2888.580078125,2859.83475681993,28.7453213050712
2009-12-16,2926.52001953125,2860.57114898181,65.9488705494359
2009-12-17,2891.65991210938,2860.64360671747,31.01630539191
2009-12-18,2871.21997070312,2861.18459032403,10.0353803790927
2009-12-21,2926.05004882812,2862.72721487577,63.3228339523512
2009-12-22,2945.7099609375,2863.4909828061,82.2189781314032
2009-12-23,2957.47998046875,2864.55721295466,92.9227675140878
2009-12-24,2957.47998046875,2865.94819816214,91.5317823066084
2009-12-28,2982.419921875,2868.76721391522,113.652707959784
2009-12-29,2992.080078125,2872.56196769339,119.518110431608
2009-12-30,2966.23999023438,2875.43836049565,90.8016297387339
2009-12-31,2966.23999023438,2877.08655785733,89.1534323770538
2010-01-04,3017.80004882812,2879.80180584016,137.998242987956
2010-01-05,3012.36010742188,2881.84688780738,130.513219614503
2010-01-06,3009.65991210938,2883.93672355277,125.723188556613
2010-01-07,3007.34008789062,2885.46114962218,121.878938268437
2010-01-08,3017.85009765625,2887.73639616419,130.113701492059
2010-01-11,3010.23999023438,2888.71049324411,121.529496990271
2010-01-12,2976.88989257812,2889.33016217341,87.5597304047078
2010-01-13,2978.40991210938,2890.72163566214,87.6882764472384
2010-01-14,2989.7099609375,2891.41507908555,98.2948818519462
2010-01-15,2940.25,2891.66376632941,48.5862336705941
2010-01-18,2957.8701171875,2892.00868500256,65.8614321849382
2010-01-19,2984.82006835938,2893.3632772477,91.4567911116851
2010-01-20,2914.60009765625,2893.83081855149,20.7692791047639
2010-01-21,2863.25,2894.29688300461,-31.0468830046111
2010-01-22,2836.80004882812,2894.32360639728,-57.523557569165
2010-01-25,2807.30004882812,2894.79639472336,-87.4963458952407
2010-01-26,2827.73999023438,2894.84491867316,-67.1049284387759
2010-01-27,2787.39990234375,2895.56458920338,-108.164686859631
2010-01-28,2737.330078125,2895.14459128458,-157.81451315958
2010-01-29,2776.830078125,2896.20246061732,-119.372382492316
2010-02-01,2793.2900390625,2896.694263896,-103.404224833504
2010-02-02,2830.01000976562,2897.29377321337,-67.283763447751
2010-02-03,2804.61010742188,2897.46361103996,-92.8535036180792
2010-02-04,2707.44995117188,2894.96098552766,-187.511034355784
2010-02-05,2631.63989257812,2891.27573882556,-259.635846247444
2010-02-08,2664.2900390625,2887.72295242059,-223.432913358095
2010-02-09,2668.42993164062,2884.30508372823,-215.875152087608
2010-02-10,2700.169921875,2881.30721295466,-181.137291079662
2010-02-11,2680.25,2877.2760670146,-197.0260670146
2010-02-12,2674.4599609375,2873.46524798284,-199.005287045338
2010-02-15,2683.830078125,2869.78164222592,-185.951564100922
2010-02-16,2720.77001953125,2867.49442879098,-146.724409259733
2010-02-17,2762.25,2866.3336081583,-104.083608158299
2010-02-18,2778.30004882812,2864.36820008325,-86.0681512551278
2010-02-19,2793.3701171875,2862.98770892034,-69.6175917328378
2010-02-22,2778.1201171875,2861.04049932761,-82.9203821401125
2010-02-23,2730.57006835938,2859.91148501537,-129.341416655989
2010-02-24,2734.94995117188,2858.33460073002,-123.384649558141
2010-02-25,2684.419921875,2856.48492731814,-172.065005443135
2010-02-26,2728.46997070312,2854.13607437884,-125.666103675722
2010-03-01,2772.69995117188,2852.4108286373,-79.7108774654153
2010-03-02,2796.330078125,2851.10247102331,-54.7723928983096
2010-03-03,2822.59008789062,2849.66411052766,-27.074022637044
2010-03-04,2816.10009765625,2848.35050589139,-32.2504082351438
2010-03-05,2877.43994140625,2848.81394883453,28.6259925717213
2010-03-08,2879.2900390625,2849.81706262807,29.4729764344261
2010-03-09,2880.7099609375,2850.2993564293,30.4106045081967
2010-03-10,2909.39990234375,2851.07115698642,58.3287453573257
2010-03-11,2895.73999023438,2851.2472224001,44.4927678342774
2010-03-12,2898.36010742188,2851.40755074923,46.9525566726484
2010-03-15,2870.55004882812,2850.4900102459,20.0600385822181
2010-03-16,2905.92993164062,2850.72394499232,55.2059866483046
2010-03-17,2931.31005859375,2851.70902840036,79.6010301933911
2010-03-18,2913.73999023438,2851.50722416112,62.2327660732631
2010-03-19,2897.94995117188,2850.72427318135,47.2256779905274
2010-03-22,2890.75,2849.63033907531,41.1196609246922
2010-03-23,2910.52001953125,2848.8605036501,61.6595158811474
2010-03-24,2903.93994140625,2847.57394659324,56.3659948130121
2010-03-25,2948.09008789062,2846.85279921235,101.237288678273
2010-03-26,2940.93994140625,2846.43804431352,94.5018970927254
2010-03-29,2947.48999023438,2846.13066726434,101.359322970035
2010-03-30,2939.67993164062,2844.85000960553,94.8299220350868
2010-03-31,2931.15991210938,2843.5188588627,87.6410532466748
2010-04-01,2978.5,2843.0080406314,135.491959368596
2010-04-06,2989.48999023438,2842.71541607966,146.774574154718
2010-04-07,2974.6201171875,2842.00672787526,132.613389312244
2010-04-08,2942.31005859375,2840.89312243852,101.416936155225
2010-04-09,2993.5400390625,2841.16607565958,152.37396340292
2010-04-12,3002.22998046875,2841.5565685835,160.673411885246
2010-04-13,2988.23999023438,2841.53247070313,146.707519531255
2010-04-14,3008.03002929688,2842.64361872439,165.386410572494
2010-04-15,3012.64990234375,2843.54164798924,169.108254354508
2010-04-16,2949.64990234375,2842.96508789063,106.684814453125
2010-04-19,2940.18994140625,2843.38459352587,96.805347880379
2010-04-20,2983.90991210938,2845.36262487193,138.547287237453
2010-04-21,2947.63989257812,2847.17967149078,100.460221087341
2010-04-22,2897.59008789062,2848.65983606557,48.9302518250461
2010-04-23,2918.11010742188,2850.14131339652,67.9687940253634
2010-04-26,2947.0400390625,2852.75836481814,94.2816742443642
2010-04-27,2838.78002929688,2854.42147877177,-15.6414494748929
2010-04-28,2788.5400390625,2854.61344534452,-66.0734062820188
2010-04-29,2828.1201171875,2855.18443023181,-27.0643130443141
2010-04-30,2816.86010742188,2854.96885806224,-38.1087506403646
2010-05-03,2816.5,2855.16377433402,-38.663774334017
2010-05-04,2708.1201171875,2855.17476066214,-147.054643474642
2010-05-05,2679.30004882812,2855.95607469903,-176.656025870907
2010-05-06,2611.40991210938,2855.08918737193,-243.679275262547
2010-05-07,2500.17993164062,2852.33099065062,-352.151059009995
2010-05-10,2758.88989257812,2853.29361312116,-94.4037205430382
2010-05-11,2730.47998046875,2854.11705542392,-123.637074955175
2010-05-12,2764.31005859375,2855.59000784452,-91.2799492507688
2010-05-14,2633.919921875,2854.77180856173,-220.851886686732
2010-05-17,2635.34008789062,2853.3713178791,-218.031229988479
2010-05-18,2698.2099609375,2852.32148117316,-154.111520235656
2010-05-19,2619.47998046875,2849.71787349513,-230.237893026384
2010-05-20,2569.580078125,2846.04918433017,-276.469106205175
2010-05-21,2574.17993164062,2842.7059025999,-268.525970959278
2010-05-25,2488.5,2838.73754082351,-350.237540823515
2010-05-26,2530.34008789062,2835.38328076972,-305.043192879104
2010-05-27,2619.36010742188,2834.31672643443,-214.956619012547
2010-05-28,2614.06005859375,2832.44115410476,-218.381095511015
2010-05-31,2610.26000976562,2829.77820424565,-219.518194480026
2010-06-01,2606.580078125,2826.66754850794,-220.087470382941
2010-06-02,2601.97998046875,2823.05098936988,-221.071008901127
2010-06-03,2634.15991210938,2820.06836337731,-185.908451267926
2010-06-04,2553.59008789062,2814.75934938525,-261.169261494626
2010-06-07,2529.96997070312,2809.03279088755,-279.062820184431
2010-06-08,2510.84008789062,2802.9693503458,-292.129262455179
2010-06-09,2556.67993164062,2797.18705574411,-240.507124103488
2010-06-10,2608.73999023438,2792.48213771132,-183.742147476942
2010-06-11,2638.31005859375,2788.21902215676,-149.908963563012
2010-06-14,2683.4599609375,2785.1519715356,-101.692010598104
2010-06-15,2716.30004882812,2782.04328493212,-65.743236104001
2010-06-16,2718.72998046875,2778.5583656186,-59.8283851498463
2010-06-17,2728.1201171875,2775.51541688012,-47.3952996926228
2010-06-18,2737.02001953125,2772.87722127946,-35.8572017482065
2010-06-21,2768.27001953125,2770.86935274718,-2.59933321593235
2010-06-22,2745.96997070312,2768.17181096311,-22.2018402599942
2010-06-23,2704.80004882812,2764.90722256019,-60.1071737320744
2010-06-24,2645.32006835938,2759.94377961706,-114.623711257679
2010-06-25,2629.25,2754.83410844647,-125.584108446465
2010-06-28,2668.669921875,2750.26328765369,-81.5933657786882
2010-06-29,2556.34008789062,2743.97902792008,-187.638940029462
2010-06-30,2573.32006835938,2738.11280097336,-164.79273261398
2010-07-01,2518.64990234375,2730.57427478227,-211.924372438524
2010-07-02,2522.36010742188,2722.91640785092,-200.556300429042
2010-07-05,2507.830078125,2715.26411212859,-207.434034003586
2010-07-06,2578.68994140625,2709.30312660092,-130.613185194672
2010-07-07,2634.38989257812,2703.41541928151,-69.0255267033858
2010-07-08,2666.419921875,2697.91033635374,-31.4904144787392
2010-07-09,2681.19995117188,2692.87689309042,-11.6769419185398
2010-07-12,2686.09008789062,2687.59918913294,-1.50910124231996
2010-07-13,2737.59008789062,2683.09001184682,54.500076043797
2010-07-14,2738.9599609375,2679.63607838115,59.323882556353
2010-07-15,2702.81005859375,2675.74460489242,27.0654537013324
2010-07-16,2645.61010742188,2670.19870645492,-24.5885990330376
2010-07-19,2634.60009765625,2665.06690653817,-30.4668088819153
2010-07-20,2627.28002929688,2660.6355941022,-33.3555648053225
2010-07-21,2639.52001953125,2656.06854348104,-16.5485239497948
2010-07-22,2714.2099609375,2652.25165695441,61.9583039830945
2010-07-23,2719.1298828125,2650.29017914319,68.8397036693141
2010-07-26,2743.1201171875,2649.54559025999,93.5745269275108
2010-07-27,2769.31005859375,2648.58149093878,120.72856765497
2010-07-28,2766.11010742188,2647.74952372567,118.360583696215
2010-07-29,2752.92993164062,2646.70739145748,106.222540183141
2010-07-30,2742.13989257812,2647.26509269339,94.8747998847293
2010-08-02,2822.169921875,2649.60722175973,172.562700115267
2010-08-03,2818.96997070312,2653.00984567111,165.960125032014
2010-08-04,2825.080078125,2658.33607758069,166.744000544314
2010-08-05,2819.34008789062,2659.32706438909,160.013023501533
2010-08-06,2779.34008789062,2660.12804975666,119.212038133961
2010-08-09,2827.27001953125,2661.16018026383,166.109839267419
2010-08-10,2800.02001953125,2663.88313268443,136.136886846824
2010-08-11,2724.15991210938,2665.33919537654,58.8207167328437
2010-08-12,2720.85009765625,2665.71034515881,55.1397524974391
2010-08-13,2708.72998046875,2667.17345991291,41.556520555841
2010-08-16,2698.2900390625,2669.28345927254,29.0065797899597
2010-08-17,2737.68994140625,2671.96395123591,65.7259901703387
2010-08-18,2728.65991210938,2675.90099897541,52.7589131339705
2010-08-19,2675.02001953125,2678.27280113345,-3.2527816022025
2010-08-20,2643.97998046875,2678.67640560963,-34.6964251408808
2010-08-23,2660.84008789062,2679.44329133581,-18.6032034451887
2010-08-24,2614.5400390625,2679.51345575051,-64.9734166880116
2010-08-25,2587.39990234375,2679.19902663934,-91.7991242955936
2010-08-26,2606.88989257812,2679.27951700179,-72.3896244236726
2010-08-27,2630.35009765625,2679.21706102715,-48.866963370901
2010-08-30,2616.57006835938,2680.24951972336,-63.6794513639802
2010-08-31,2622.94995117188,2681.77378169826,-58.8238305263781
2010-09-01,2715.27001953125,2685.12509205302,30.1449274782276
2010-09-02,2715.18994140625,2687.72361680328,27.4663246029713
2010-09-03,2746.22998046875,2689.97755106942,56.2524293993342
2010-09-06,2753.60009765625,2691.86755170978,61.7325459464655
2010-09-07,2727.15991210938,2692.58394435195,34.5759677574333
2010-09-08,2752.88989257812,2693.18377785604,59.7061147220752
2010-09-09,2782.42993164062,2694.22803935067,88.2018922899542
2010-09-10,2780.39990234375,2695.08508500897,85.314817334785
2010-09-13,2805.06005859375,2696.2004954854,108.859563108351
2010-09-14,2806.46997070312,2696.82672419313,109.643246509985
2010-09-15,2794.36010742188,2697.62000512295,96.7401022989293
2010-09-16,2784.61010742188,2698.92836673924,85.6817406826381
2010-09-17,2757.3701171875,2700.7652527856,56.6048644018956
2010-09-20,2802.669921875,2703.60820232454,99.061719550461
2010-09-21,2794.55004882812,2705.67181096311,88.8782378650053
2010-09-22,2752.77001953125,2708.8919737769,43.8780457543544
2010-09-23,2738.61010742188,2711.60164654841,27.0084608734683
2010-09-24,2792.75,2716.09509077228,76.654909227715
2010-09-27,2776.330078125,2720.25853291496,56.0715452100412
2010-09-28,2774.6201171875,2724.6321401127,49.9879770747953
2010-09-29,2752.7099609375,2727.48492731814,25.2250336193647
2010-09-30,2747.89990234375,2729.34574715036,18.5541551933916
2010-10-01,2732.90991210938,2730.43574699027,2.47416511911342
2010-10-04,2701.02001953125,2730.7606661437,-29.7406466124485
2010-10-05,2758.56005859375,2731.94869845031,26.6113601434427
2010-10-06,2780,2732.64394291112,47.3560570888831
2010-10-07,2786.8798828125,2733.42951540087,53.450367411629
2010-10-08,2785.42993164062,2734.78393954918,50.6459920914399
2010-10-11,2789.71997070312,2737.14639632428,52.5735743788373
2010-10-12,2775.75,2739.46032914959,36.28967085041
2010-10-13,2840.55004882812,2742.95655897797,97.5934898501491
2010-10-14,2836.11010742188,2746.17934730405,89.930760117833
2010-10-15,2841.64990234375,2748.26852667136,93.3813756723875
2010-10-18,2850.71997070312,2750.42574122695,100.294229476174
2010-10-19,2837.330078125,2751.97016681609,85.3599113089144
2010-10-20,2851.52001953125,2753.31787109375,98.2021484375005
2010-10-21,2882.2900390625,2755.22246013704,127.067578925461
2010-10-22,2873.73999023438,2757.20295290087,116.537037333509
2010-10-25,2871.47998046875,2759.32328221055,112.156698258197
2010-10-26,2856.31005859375,2759.88295658299,96.4271020107585
2010-10-27,2829.419921875,2760.05426725794,69.3656546170596
2010-10-28,2845.53002929688,2760.38951235912,85.1405169377613
2010-10-29,2844.98999023438,2760.81000256148,84.1799876729046
2010-11-01,2836.72998046875,2761.75082047259,74.9791599961577
2010-11-02,2861.01000976562,2762.3039350666,98.7060746990214
2010-11-03,2830.42993164062,2762.80245821593,67.6274734246877
2010-11-04,2884.2099609375,2765.4262295082,118.783731429303
2010-11-05,2875.93994140625,2767.96868596311,107.971255443135
2010-11-08,2867.9599609375,2770.57901351178,97.3809474257173
2010-11-09,2890.63989257812,2773.73228979892,116.907602779196
2010-11-10,2845.92993164062,2775.50671586834,70.42321577228
2010-11-11,2831.21997070312,2777.1880283043,54.0319423988171
2010-11-12,2822.42993164062,2779.60458424052,42.8253474000981
2010-11-15,2848.44995117188,2782.95655097336,65.4934001985198
2010-11-16,2781.77001953125,2784.93900886911,-3.16898933785842
2010-11-17,2802.69995117188,2788.02359759221,14.6763535796672
2010-11-18,2855.22998046875,2792.41425461066,62.8157258580945
2010-11-19,2845.75,2796.32999407659,49.4200059234122
2010-11-22,2811.42993164062,2799.29851594518,12.1314156954359
2010-11-23,2739.3701171875,2801.31163149974,-61.9415143122437
2010-11-24,2758.02001953125,2803.52589491547,-45.5058753842209
2010-11-25,2765.05004882812,2804.34196096952,-39.2919121413979
2010-11-26,2736.9599609375,2804.6988465356,-67.7388855981039
2010-11-29,2669.9599609375,2803.44851834657,-133.488557409067
2010-11-30,2650.98999023438,2801.76638543801,-150.776395203632
2010-12-01,2721.8701171875,2801.67966748847,-79.8095503009731
2010-12-02,2781.38989257812,2802.14688060323,-20.7569880251071
2010-12-03,2782.38989257812,2802.14622422515,-19.7563316470332
2010-12-06,2769.9599609375,2801.97507764472,-32.0151167072231
2010-12-07,2802.73999023438,2801.93704373719,0.802946497187804
2010-12-08,2818.94995117188,2802.14163358094,16.8083175909373
2010-12-09,2840.7099609375,2802.90146724513,37.8084936923669
2010-12-10,2839.53002929688,2803.80179383325,35.7282354636322
2010-12-13,2855.3701171875,2805.4083512103,49.961765977203
2010-12-14,2861.669921875,2806.37556432505,55.2943575499489
2010-12-15,2841.98999023438,2807.15326828253,34.8367219518495
2010-12-16,2845.78002929688,2808.67802254098,37.1020067558966
2010-12-17,2821.77001953125,2810.04129978868,11.7287197425717
2010-12-20,2839.21997070312,2810.80310258709,28.4168681160299
2010-12-21,2876.98999023438,2812.45326508069,64.5367251536936
2010-12-22,2869.6298828125,2814.01080222208,55.6190805904203
2010-12-23,2864.52001953125,2815.8437540023,48.6762655289449
2010-12-27,2826.51000976562,2817.13244428791,9.3775654777105
2010-12-28,2824.30004882812,2818.63064325051,5.6694055776079
2010-12-29,2841.22998046875,2820.92916720031,20.3008132684431
2010-12-30,2807.0400390625,2821.72392097848,-14.6838819159834
2011-01-03,2839.42993164062,2822.69818215292,16.7317494877002
2011-01-04,2844.169921875,2823.63736312116,20.5325587538427
2011-01-05,2833.73999023438,2824.42933129483,9.31065893955429
2011-01-06,2836.22998046875,2825.19179047131,11.0381899974386
2011-01-07,2808.25,2825.72457735656,-17.4745773565573
2011-01-10,2760.8798828125,2824.41850906122,-63.5386262487191
2011-01-11,2796.60009765625,2823.77080398309,-27.1707063268441
2011-01-12,2879.11010742188,2824.38490570569,54.7252017161936
2011-01-13,2915.6201171875,2825.4488425333,90.1712746542007
2011-01-14,2920.39990234375,2826.81064293033,93.589259413422
2011-01-17,2910.6298828125,2827.77965708248,82.8502257300206
2011-01-18,2945.6201171875,2828.81785508453,116.802262102971
2011-01-19,2923.76000976562,2829.63785540471,94.1221543609072
2011-01-20,2927.419921875,2830.55490362449,96.8650182505125
2011-01-21,2970.56005859375,2832.42785444416,138.13220414959
2011-01-24,2979.06005859375,2834.88097143955,144.179087154201
2011-01-25,2957.78002929688,2836.72113537398,121.058893922905
2011-01-26,2967.78002929688,2838.73408683402,129.045942462864
2011-01-27,2989.75,2841.24261174436,148.507388255635
2011-01-28,2954.1298828125,2842.76916704022,111.360715772285
2011-01-31,2953.6298828125,2844.7888383709,108.841044441599
2011-02-01,3006.81005859375,2846.7986760374,160.011382556353
2011-02-02,3012.69995117188,2849.0406434106,163.659307761276
2011-02-03,2995.48999023438,2851.13129962859,144.358690605794
2011-02-04,3003.18994140625,2852.97638239626,150.21355900999
2011-02-07,3031.17993164062,2856.01326764216,175.166663998458
2011-02-08,3042.5,2859.47687467982,183.023125320184
2011-02-09,3031.6201171875,2862.90622198386,168.713895203637
2011-02-10,3025.67993164062,2865.81163149974,159.868300140876
2011-02-11,3024.3701171875,2869.78868228099,154.581434906506
2011-02-14,3018.3798828125,2873.32441886527,145.055463947233
2011-02-15,3030.4599609375,2876.1970414959,154.262919441598
2011-02-16,3061.919921875,2879.74081070697,182.179111168033
2011-02-17,3064.5400390625,2883.89015673028,180.649882332223
2011-02-18,3068,2889.27753185835,178.722468141649
2011-02-21,3012.34008789062,2893.44671330686,118.893374583755
2011-02-22,2983.330078125,2897.02507444288,86.3050036821205
2011-02-23,2954.919921875,2900.59818855661,54.3217333183911
2011-02-24,2949.1298828125,2905.17474465292,43.9551381595797
2011-02-25,2985.02001953125,2910.65064677254,74.3693727587088
2011-02-28,3013.09008789062,2915.42474465292,97.6653432376997
2011-03-01,2983.27001953125,2918.73425493084,64.5357646004095
2011-03-02,2958.80004882812,2921.62622470543,37.1738241226894
2011-03-03,2969.23999023438,2924.89311043161,44.3468798027711
2011-03-04,2949.17993164062,2927.29376520876,21.8861664318597
2011-03-07,2931.419921875,2929.13753522029,2.28238665471326
2011-03-08,2945.419921875,2930.85409195697,14.5658299180327
2011-03-09,2935.11010742188,2932.42097848361,2.68912893827337
2011-03-10,2909.72998046875,2933.3121237833,-23.5821433145493
2011-03-11,2883.84008789062,2933.67556912782,-49.8354812371977
2011-03-14,2852.11010742188,2933.84147268827,-81.7313652663884
2011-03-15,2784.19995117188,2932.83196321081,-148.632012038929
2011-03-16,2721.23999023438,2931.18392994365,-209.943939709267
2011-03-17,2786.15991210938,2930.31409291752,-144.154180808141
2011-03-18,2792.61010742188,2928.9308161501,-136.320708728223
2011-03-21,2860.81005859375,2928.78622886783,-67.976170274078
2011-03-22,2854.7900390625,2928.62672099129,-73.8366819287912
2011-03-23,2866.22998046875,2929.277868052,-63.0478875832482
2011-03-24,2909.78002929688,2930.67917920722,-20.8991499103436
2011-03-25,2911.330078125,2931.82836113601,-20.4982830110148
2011-03-28,2914.76000976562,2933.59426229508,-18.8342525294624
2011-03-29,2910.92993164062,2934.76639344262,-23.8364618020032
2011-03-30,2936.43994140625,2936.27901671363,0.160924692622757
2011-03-31,2910.90991210938,2937.5440974001,-26.6341852907226
2011-04-01,2962.919921875,2939.62098168545,23.2989401895488
2011-04-04,2955.84008789062,2942.040491323,13.7995965676178
2011-04-05,2950.9599609375,2945.15655817751,5.8034027599897
2011-04-06,2971.47998046875,2948.02344150231,23.4565389664444
2011-04-07,2963.68994140625,2949.40999615779,14.2799452484628
2011-04-08,2984.65991210938,2950.54179607454,34.118116034841
2011-04-11,2974.580078125,2951.42999567751,23.1500824474897
2011-04-12,2932.330078125,2951.78573658427,-19.4556584592729
2011-04-13,2949.97998046875,2951.85720975282,-1.87722928406765
2011-04-14,2917.71997070312,2951.75819271901,-34.0382220158863
2011-04-15,2919.05004882812,2951.62098168545,-32.5709328573312
2011-04-18,2847.9599609375,2949.61114401896,-101.651183081455
2011-04-19,2857.61010742188,2947.62016121286,-90.0100537909789
2011-04-20,2921.42993164062,2947.02425797259,-25.5943263319723
2011-04-21,2936.30004882812,2946.50819271901,-10.2081438908863
2011-04-26,2955.36010742188,2945.94442398822,9.41568343366271
2011-04-27,2977.59008789062,2946.32901751409,31.2610703765322
2011-04-28,3005.330078125,2947.17656169954,58.153516425461
2011-04-29,3011.25,2947.24934762423,64.0006523757684
2011-05-02,3008.88989257812,2947.18688764728,61.7030049308355
2011-05-03,3000.38989257812,2947.26721391521,53.1226786629054
2011-05-04,2952.02001953125,2946.42836273694,5.59165679431408
2011-05-05,2926.5400390625,2944.71295466188,-18.1729155993849
2011-05-06,2952.89990234375,2943.24410060195,9.65580174180377
2011-05-09,2902.39990234375,2941.12573642418,-38.7258340804301
2011-05-10,2939.02001953125,2939.7050821273,-0.685062596055104
2011-05-11,2942.42993164062,2938.36180039703,4.06813124359178
2011-05-12,2917.05004882812,2936.70065557761,-19.6506067494925
2011-05-13,2894.60009765625,2934.47344470415,-39.8733470478992
2011-05-16,2881.31005859375,2931.51262727331,-50.2025686795591
2011-05-17,2849.60009765625,2927.98902167649,-78.3889240202352
2011-05-18,2867.30004882812,2924.69885854252,-57.3988097144002
2011-05-19,2890.60009765625,2922.70312099769,-32.1030233414444
2011-05-20,2853.97998046875,2920.58262759349,-66.6026471247433
2011-05-23,2794.26000976562,2917.94885854252,-123.6888487769
2011-05-24,2801.27001953125,2915.52492635758,-114.254906826332
2011-05-25,2816.84008789062,2912.7678782979,-95.9277904072792
2011-05-26,2799.82006835938,2909.27164846952,-109.451580110138
2011-05-27,2819.39990234375,2906.58525310579,-87.1853507620385
2011-06-01,2827.65991210938,2904.43541479892,-76.7755026895438
2011-06-03,2789.11010742188,2901.48246590036,-112.372358478478
2011-06-06,2765.330078125,2898.46853387551,-133.138455750512
2011-06-07,2774.5,2895.89607613986,-121.396076139856
2011-06-08,2752.06005859375,2892.72624231557,-140.666183721823
2011-06-09,2778.1201171875,2890.15263591829,-112.032518730789
2011-06-10,2732.5400390625,2887.24788278048,-154.707843717981
2011-06-14,2779.93994140625,2885.54460169057,-105.604660284323
2011-06-15,2731.5,2883.5673868148,-152.067386814805
2011-06-16,2730.6201171875,2882.68902888063,-152.068911693135
2011-06-17,2770.1201171875,2883.49034243724,-113.370225249743
2011-06-20,2748.01000976562,2882.8649342021,-134.85492443648
2011-06-21,2801.98999023438,2883.0187027728,-81.0287125384166
2011-06-22,2795.07006835938,2881.94099801486,-86.8709296554762
2011-06-23,2730.86010742188,2879.90935979124,-149.049252369359
2011-06-24,2715.8798828125,2877.44460409196,-161.564721279457
2011-06-27,2723.92993164062,2874.39788117956,-150.467949538939
2011-06-28,2750.48999023438,2871.76115842725,-121.271168192874
2011-06-29,2802.55004882812,2869.9216508709,-67.371602042781
2011-06-30,2848.53002929688,2868.89870165215,-20.3686723552714
2011-07-01,2875.669921875,2867.90247182377,7.76745005122984
2011-07-04,2870.18994140625,2867.23493132044,2.95501008581004
2011-07-05,2850.51000976562,2865.39214587602,-14.8821361104042
2011-07-06,2832.6298828125,2863.37230644851,-30.7424236360139
2011-07-07,2844.51000976562,2861.62722528176,-17.1172155161416
2011-07-08,2790.09008789062,2858.6536204854,-68.5635325947792
2011-07-11,2709.13989257812,2854.48066886527,-145.340776287146
2011-07-12,2693.53002929688,2849.70804783555,-156.178018538672
2011-07-13,2715.05004882812,2845.45345719134,-130.403408363221
2011-07-14,2631.97998046875,2840.52968509862,-208.549704629866
2011-07-15,2675.3798828125,2836.02804415343,-160.648161340931
2011-07-18,2622.36010742188,2831.18607918161,-208.825971759728
2011-07-19,2631.97998046875,2826.48001248719,-194.500032018442
2011-07-20,2705.75,2824.14870165215,-118.398701652151
2011-07-21,2631.97998046875,2820.44984711194,-188.469866643186
2011-07-22,2772.60009765625,2818.01001376793,-45.4099161116796
2011-07-25,2742.69995117188,2814.8362416752,-72.1362905033247
2011-07-26,2739.64990234375,2811.30000880507,-71.6501064613212
2011-07-27,2693.7099609375,2806.64623623207,-112.936275294569
2011-07-28,2692.76000976562,2801.52213675077,-108.762126985148
2011-07-29,2670.3701171875,2795.93394195056,-125.563824763063
2011-08-02,2544.88989257812,2788.32738457351,-243.437491995394
2011-08-03,2497.830078125,2780.08869909068,-282.258620965676
2011-08-04,2412.2900390625,2771.24066662397,-358.950627561475
2011-08-05,2375.14990234375,2762.20148405482,-387.051581711065
2011-08-08,2286.90991210938,2751.28361536245,-464.373703253068
2011-08-09,2294.23999023438,2741.3137807377,-447.073790503325
2011-08-10,2153.77001953125,2728.44082991803,-574.670810386783
2011-08-11,2215.44995117188,2716.52312532018,-501.073174148305
2011-08-12,2307.330078125,2706.5277159644,-399.197637839396
2011-08-15,2324.47998046875,2697.18148453509,-372.701504066342
2011-08-16,2323.669921875,2688.03984294954,-364.369921074539
2011-08-17,2331.1201171875,2679.54017113858,-348.420053951076
2011-08-18,2206.61010742188,2668.70918849257,-462.099081070692
2011-08-19,2159.07006835938,2656.71689293033,-497.646824570948
2011-08-22,2183.38989257812,2645.72361280097,-462.333720222854
2011-08-23,2199.97998046875,2635.98131723873,-436.00133676998
2011-08-24,2238.69995117188,2626.75885710169,-388.058905929811
2011-08-25,2216.69995117188,2616.92049420466,-400.220543032783
2011-08-26,2190.43994140625,2606.93065605789,-416.49071465164
2011-08-29,2239.30004882812,2597.4208223937,-358.120773565579
2011-08-30,2239.13989257812,2587.77295322106,-348.633060642936
2011-08-31,2302.080078125,2579.78885438012,-277.708776255123
2011-09-01,2305.75,2572.25475473873,-266.50475473873
2011-09-02,2220.71997070312,2563.17639360272,-342.456422899596
2011-09-05,2107.27001953125,2552.60606509349,-445.336045562244
2011-09-06,2080.10009765625,2541.16311395364,-461.063016297388
2011-09-07,2151.15991210938,2531.63229220031,-380.472380090927
2011-09-08,2163.39990234375,2521.52507844518,-358.125176101435
2011-09-09,2073.669921875,2510.74097880379,-437.071056928791
2011-09-12,1995.01000976562,2498.68179671491,-503.671786949288
2011-09-13,2036.64001464844,2486.65753273886,-450.017518090418
2011-09-14,2083.3798828125,2475.76195688717,-392.382074074667
2011-09-15,2155.6201171875,2465.16572946017,-309.545612272669
2011-09-16,2159.28002929688,2454.74294193455,-295.462912637674
2011-09-19,2096.10009765625,2444.33704013512,-348.236942478868
2011-09-20,2140.40991210938,2434.90310618917,-294.493194079785
2011-09-21,2098.48999023438,2424.64999239562,-326.16000216124
2011-09-22,1995.75,2412.27720567047,-416.527205670467
2011-09-23,2026.03002929688,2399.54736928471,-373.517339987829
2011-09-26,2083.35009765625,2387.00343597912,-303.653338322874
2011-09-27,2194.03002929688,2375.82901151063,-181.798982213751
2011-09-28,2176.63989257812,2364.45933857902,-187.819446000902
2011-09-29,2212.43994140625,2353.99917352395,-141.5592321177
2011-09-30,2179.65991210938,2343.29474777472,-163.634835665339
2011-10-03,2138.23999023438,2331.71655073322,-193.476560498843
2011-10-04,2091.09008789062,2320.25753433978,-229.16744644916
2011-10-05,2179.419921875,2311.57360039383,-132.153678518828
2011-10-06,2248.78002929688,2304.28261678727,-55.5025874903904
2011-10-07,2269.18994140625,2296.97343469839,-27.7834932921369
2011-10-10,2320.80004882812,2291.87212434362,28.9279244844975
2011-10-11,2315.96997070312,2285.98015857134,29.9898121317824
2011-10-12,2372.14990234375,2281.87835193071,90.2715504130374
2011-10-13,2332.52001953125,2276.96917224321,55.5508472880374
2011-10-14,2355.47998046875,2271.22704077549,84.2529396932628
2011-10-17,2315.88989257812,2266.04523605597,49.8446565221511
2011-10-18,2306.81005859375,2258.40933377626,48.4007248174944
2011-10-19,2330.080078125,2251.64507356237,78.4350045626279
2011-10-20,2271.77001953125,2243.97491154905,27.7951079821974
2011-10-21,2337.51000976562,2238.13556808722,99.3744416784016
2011-10-24,2369.07006835938,2232.82917560515,136.240892754231
2011-10-25,2343.9599609375,2227.47818943712,116.481771500384
2011-10-26,2335.06005859375,2224.03835609311,111.02170250064
2011-10-27,2476.919921875,2223.69556664639,253.224355228611
2011-10-28,2462.36010742188,2224.51638743917,237.843719982714
2011-10-31,2385.21997070312,2224.68147052702,160.538500176096
2011-11-01,2259.72998046875,2224.23589787718,35.4940825915724
2011-11-02,2291.88989257812,2224.19737168609,67.6925208920284
2011-11-03,2347.93994140625,2227.38048515945,120.559456246798
2011-11-04,2291.46997070312,2228.62671498783,62.8432557152869
2011-11-07,2275.919921875,2228.11179439357,47.808127481429
2011-11-08,2303.19995117188,2227.76294145428,75.437009717602
2011-11-09,2249.38989257812,2226.54523605597,22.8446565221516
2011-11-10,2254.919921875,2225.29605252626,29.6238693487448
2011-11-11,2324.81005859375,2227.23375664383,97.5763019499232
2011-11-14,2288.32006835938,2229.35260910284,58.9674592565366
2011-11-15,2254,2230.51015184746,23.4898481525356
2011-11-16,2267.9599609375,2231.62457775679,36.3353831807121
2011-11-17,2242.78002929688,2231.69146428343,11.0885650134528
2011-11-18,2236.67993164062,2232.01900494685,4.66092669377076
2011-11-21,2160.28002929688,2231.52458015817,-71.2445508612909
2011-11-22,2136.81005859375,2229.84441638384,-93.0343577900871
2011-11-23,2096.7900390625,2227.51081222784,-130.720773165343
2011-11-25,2111.26000976562,2224.38261438589,-113.122604620266
2011-11-28,2221.76000976562,2223.00572930008,-1.24571953445684
2011-11-29,2234.169921875,2223.22622030289,10.9437015721055
2011-11-30,2330.42993164062,2226.8845795178,103.545352122818
2011-12-01,2313.84008789062,2230.7163826364,83.1237052542215
2011-12-02,2342.5,2233.8531053887,108.646894611296
2011-12-05,2369.38989257812,2237.22999047451,132.159902103607
2011-12-06,2356.7099609375,2241.86999111488,114.839969822618
2011-12-07,2344.919921875,2247.60621918225,97.3137026927511
2011-12-08,2288.05004882812,2251.72769515241,36.3223536757123
2011-12-09,2342.59008789062,2255.97704277664,86.6130451139811
2011-12-12,2269.4599609375,2257.84326972336,11.6166912141398
2011-12-13,2260.97998046875,2259.51048203765,1.46949843109678
2011-12-14,2205.90991210938,2261.31064293033,-55.4007308209475
2011-12-15,2224.88989257812,2262.69556064293,-37.8056680648097
2011-12-16,2202.71997070312,2264.40424884734,-61.6842781442156
2011-12-19,2202.94995117188,2267.80096935835,-64.8510181864699
2011-12-20,2262.38989257812,2271.67572121542,-9.28582863729935
2011-12-21,2244.35009765625,2274.31506547771,-29.9649678214646
2011-12-22,2273.02001953125,2275.60998335041,-2.58996381915904
2011-12-23,2290.3701171875,2277.47441326204,12.8957039254619
2011-12-27,2290.31005859375,2278.75097256019,11.559086033556
2011-12-28,2255.03002929688,2279.98654825179,-24.9565189549121
2011-12-29,2292.28002929688,2282.5117947938,9.76823450307938
2011-12-30,2316.55004882812,2286.2078597272,30.342189100918
2012-01-03,2389.90991210938,2289.65851530481,100.251396804565
2012-01-04,2349.88989257812,2291.31605404713,58.5738385309896
2012-01-05,2315.75,2292.07933369621,23.6706663037917
2012-01-06,2298.64990234375,2291.71621654073,6.93368580302331
2012-01-09,2286.44995117188,2291.23228179431,-4.78233062243316
2012-01-10,2347.46997070312,2290.82769275102,56.6422779520963
2012-01-11,2339.51000976562,2290.94228275487,48.567727010754
2012-01-12,2345.85009765625,2290.78441582351,55.0656818327366
2012-01-13,2338.01000976562,2291.14704069544,46.86296907018
2012-01-16,2361.56005859375,2292.04458167905,69.5154769147034
2012-01-17,2396.6298828125,2293.13556208376,103.494320728741
2012-01-18,2390.63989257812,2295.08424852715,95.555644050969
2012-01-19,2435.0400390625,2296.68310146644,138.356937596056
2012-01-20,2426.9599609375,2297.63211609887,129.327844838628
2012-01-23,2441.43994140625,2299.23014856557,142.209792840677
2012-01-24,2432.07006835938,2300.82047659452,131.249591764862
2012-01-25,2421.1201171875,2299.905725698,121.214391489499
2012-01-26,2460.39990234375,2299.87359118852,160.526311155226
2012-01-27,2436.6201171875,2300.71621654073,135.903900646773
2012-01-30,2404.6201171875,2303.09146468366,101.528652503843
2012-01-31,2416.65991210938,2305.13687483991,111.523037269473
2012-02-01,2470.7900390625,2307.15081086706,163.639228195441
2012-02-02,2478.14990234375,2310.21113761527,167.938764728484
2012-02-03,2515.14990234375,2314.13294057377,201.01696176998
2012-02-06,2507.88989257812,2317.48851338371,190.401379194412
2012-02-07,2514.1201171875,2321.8283531314,192.291764056097
2012-02-08,2512.919921875,2326.05786132812,186.862060546875
2012-02-09,2522.34008789062,2329.29605852971,193.044029360908
2012-02-10,2480.76000976562,2332.45081166752,148.3091980981
2012-02-13,2491.5400390625,2336.34491066854,155.195128393956
2012-02-14,2488.2900390625,2339.9568791624,148.333159900103
2012-02-15,2493.9599609375,2344.07458295978,149.885377977716
2012-02-16,2489.35009765625,2348.21671682889,141.133380827358
2012-02-17,2520.31005859375,2354.11884845671,166.19121013704
2012-02-21,2541.60009765625,2360.75475073642,180.845346919827
2012-02-22,2519,2367.67622550589,151.323774494109
2012-02-23,2508.080078125,2374.18147252818,133.898605596824
2012-02-24,2523.68994140625,2379.13114353868,144.558797867573
2012-02-27,2513.06005859375,2383.70311299308,129.356945600667
2012-02-28,2519.71997070312,2386.80622838755,132.913742315569
2012-02-29,2512.11010742188,2390.05655657659,122.053550845293
2012-03-01,2548.65991210938,2393.43622726691,155.223684842475
2012-03-02,2546.15991210938,2396.33409643955,149.825815669831
2012-03-05,2529.86010742188,2399.1726234311,130.687483990784
2012-03-06,2443.52001953125,2400.78901847464,42.7310010566089
2012-03-07,2460.77001953125,2403.6204934042,57.1495261270493
2012-03-08,2514.21997070312,2406.43409804047,107.785872662649
2012-03-09,2515.94995117188,2410.47491755251,105.47503361937
2012-03-12,2514.96997070312,2414.63868788422,100.331282818899
2012-03-13,2556.82006835938,2420.39131339652,136.428754962864
2012-03-14,2574.7900390625,2426.12738137167,148.66265769083
2012-03-15,2593.96997070312,2432.5413157979,161.42865490522
2012-03-16,2608.30004882812,2439.18639936603,169.113649462086
2012-03-19,2608.419921875,2444.85902279713,163.560899077869
2012-03-20,2576.61010742188,2450.30590820312,126.304199218755
2012-03-21,2567.580078125,2455.13476162269,112.445316502306
2012-03-22,2530.21997070312,2459.06672643443,71.1532442686939
2012-03-23,2525.42993164062,2462.92115058274,62.5087810578848
2012-03-26,2539.8701171875,2467.59066022029,72.2794569672133
2012-03-27,2525.2099609375,2471.4091836898,53.8007772476949
2012-03-28,2496.67993164062,2474.36213258837,22.3177990522495
2012-03-29,2452.73999023438,2475.39213386911,-22.6521436347284
2012-03-30,2477.28002929688,2477.48049676614,-0.200467469257092
2012-04-02,2501.17993164062,2480.52033171107,20.6595999295546
2012-04-03,2458.97998046875,2483.14869364754,-24.1687131787908
2012-04-04,2398.4599609375,2484.98492331583,-86.5249623783293
2012-04-05,2392.5400390625,2485.72377689549,-93.1837378329915
2012-04-10,2321.53002929688,2485.42902311732,-163.898993820435
2012-04-11,2341.36010742188,2485.35541672003,-143.99530929815
2012-04-12,2352.23999023438,2485.58869508837,-133.348704853991
2012-04-13,2291.51000976562,2484.44033363217,-192.930323866552
2012-04-16,2301.18994140625,2482.87574442879,-181.685803022541
2012-04-17,2367.05004882812,2482.48902567879,-115.438976850671
2012-04-18,2327.84008789062,2480.73164943007,-152.891561539452
2012-04-19,2284.669921875,2478.39902583888,-193.729103963883
2012-04-20,2311.27001953125,2476.26509269339,-164.995073162141
2012-04-23,2244.830078125,2473.19558465676,-228.365506531762
2012-04-24,2284.080078125,2470.94902663934,-186.868948514344
2012-04-25,2322.90991210938,2468.69509237321,-145.785180263827
2012-04-26,2322.68994140625,2466.82738457351,-144.137443167264
2012-04-27,2344.02001953125,2465.83394034964,-121.813920818391
2012-04-30,2306.42993164062,2464.0268914895,-157.596959848878
2012-05-02,2290.31005859375,2461.06820328509,-170.758144691342
2012-05-03,2287.10009765625,2457.93623927382,-170.836141617572
2012-05-04,2248.34008789062,2453.56230788934,-205.222219998724
2012-05-07,2283.09008789062,2449.87706518955,-166.786977298929
2012-05-08,2236.11010742188,2445.31952404585,-209.20941662397
2012-05-09,2225.6298828125,2440.60985127433,-214.979968461834
2012-05-10,2247.3798828125,2436.10230692879,-188.722424116291
2012-05-11,2254.5400390625,2432.3937828189,-177.853743756404
2012-05-14,2201.94995117188,2427.64640432889,-225.696453157013
2012-05-15,2178.669921875,2422.57066470287,-243.900742827869
2012-05-16,2175.34008789062,2417.34738809554,-242.007300204923
2012-05-18,2144.68994140625,2411.69722159964,-267.007280193391
2012-05-21,2150.15991210938,2405.62918641137,-255.469274301993
2012-05-22,2192.85009765625,2399.91197329662,-207.061875640369
2012-05-23,2134.05004882812,2393.60131835938,-259.551269531255
2012-05-24,2156.52001953125,2387.8380387103,-231.318019179047
2012-05-25,2161.8701171875,2381.90656618212,-220.036448994621
2012-05-29,2160.31005859375,2376.12377929688,-215.813720703125
2012-05-30,2116.17993164062,2369.50836882044,-253.32843717982
2012-05-31,2118.93994140625,2363.06295626281,-244.123014856557
2012-06-01,2068.65991210938,2355.19410380379,-286.534191694411
2012-06-04,2078.9599609375,2347.53508821081,-268.575127273309
2012-06-05,2087.31005859375,2340.28016937756,-252.970110783811
2012-06-06,2137.72998046875,2335.26721791752,-197.53723744877
2012-06-07,2143.080078125,2330.05918609119,-186.979107966188
2012-06-08,2143.89990234375,2323.98836529841,-180.088462954662
2012-06-11,2137.69995117188,2317.78754562628,-180.0875944544
2012-06-12,2143.3798828125,2311.69590484119,-168.316022028688
2012-06-13,2143.5,2304.92016601562,-161.420166015625
2012-06-14,2148.2099609375,2297.92704998079,-149.717089043289
2012-06-15,2181.22998046875,2291.16082063268,-109.930840163934
2012-06-18,2155.63989257812,2283.7401623335,-128.100269755384
2012-06-19,2198.01000976562,2277.01213098745,-79.0021212218285
2012-06-20,2207.48999023438,2270.96098152536,-63.4709912909784
2012-06-21,2199.419921875,2264.92556912782,-65.5056472528172
2012-06-22,2186.81005859375,2259.2958984375,-72.48583984375
2012-06-25,2130.7099609375,2252.82507924565,-122.115118308146
2012-06-26,2127.94995117188,2246.07228963883,-118.122338466952
2012-06-27,2165.61010742188,2240.177210073,-74.5671026511222
2012-06-28,2157.6201171875,2234.61885245902,-76.9987352715166
2012-06-29,2264.71997070312,2231.53655705686,33.1834136462553
2012-07-02,2292.080078125,2228.50049228356,63.5795858414449
2012-07-03,2320.42993164062,2225.53737752946,94.892554111163
2012-07-04,2312.40991210938,2223.13458952357,89.2753225858146
2012-07-05,2284.919921875,2221.27327740779,63.6466444672133
2012-07-06,2235.51000976562,2218.69901463243,16.8109951331917
2012-07-09,2227.90991210938,2217.16425861296,10.745653496419
2012-07-10,2241.85009765625,2215.53294697746,26.3171506787912
2012-07-11,2246.22998046875,2213.79507796491,32.4349025038423
2012-07-12,2228.01000976562,2212.75409435835,15.2559154072696
2012-07-13,2259.09008789062,2212.06393282531,47.0261550653131
2012-07-16,2251.9599609375,2210.177210073,41.7827508644982
2012-07-17,2250.75,2208.91343814037,41.8365618596313
2012-07-18,2284.69995117188,2208.91393042392,75.7860207479557
2012-07-19,2302.44995117188,2208.76933913934,93.6806120325359
2012-07-20,2237.330078125,2208.64638831967,28.683689805328
2012-07-23,2179.31005859375,2206.92884701588,-27.6187884221313
2012-07-24,2151.5400390625,2204.11950483478,-52.579465772285
2012-07-25,2159.09008789062,2201.43754002305,-42.3474521324333
2012-07-26,2251.05004882812,2199.91344214267,51.1366066854462
2012-07-27,2301.22998046875,2199.8281970415,101.401783427254
2012-07-30,2340.31005859375,2200.64786917264,139.662189421107
2012-07-31,2325.71997070312,2201.28098184554,124.438988857577
2012-08-02,2263.36010742188,2201.52721167392,61.8328957479557
2012-08-03,2372.580078125,2202.99426069416,169.58581743084
2012-08-06,2399.32006835938,2205.66983382428,193.650234535097
2012-08-07,2440.23999023438,2209.18803230661,231.051957927771
2012-08-08,2432.28002929688,2212.21918224898,220.060847047905
2012-08-09,2437.0400390625,2215.21098552766,221.829053534836
2012-08-10,2423.21997070312,2218.83836289703,204.381607806091
2012-08-13,2415.9599609375,2222.7283635374,193.231597400103
2012-08-14,2432.2900390625,2226.9406578189,205.349381243596
2012-08-15,2430.38989257812,2231.62426357582,198.7656290023
2012-08-16,2456.53002929688,2236.64672451332,219.88330478356
2012-08-17,2471.53002929688,2241.21524798284,230.314781314042
2012-08-20,2466.32006835938,2246.66229748335,219.657770876029
2012-08-21,2490.27001953125,2252.13360895876,238.13641057249
2012-08-22,2452.72998046875,2256.90180343878,195.828177029969
2012-08-23,2429.169921875,2261.3093421811,167.860579693903
2012-08-24,2434.22998046875,2266.52327740779,167.706703060963
2012-08-27,2461.82006835938,2272.14426309554,189.675805263837
2012-08-28,2442.1201171875,2278.26656153945,163.853555648053
2012-08-29,2434.22998046875,2284.09066022029,150.139320248463
2012-08-30,2403.80004882812,2289.27902071593,114.521028112187
2012-08-31,2440.7099609375,2294.24590564165,146.46405529585
2012-09-03,2463.169921875,2299.49328012935,163.676641745645
2012-09-04,2436.5400390625,2304.29065941983,132.249379642674
2012-09-05,2441.81005859375,2309.27607101691,132.533987576844
2012-09-06,2524.94995117188,2315.53131803919,209.418633132689
2012-09-07,2538.60009765625,2322.00836882044,216.591728835809
2012-09-10,2528.53002929688,2328.24312403945,200.286905257433
2012-09-11,2557.64990234375,2334.41394243084,223.23595991291
2012-09-12,2564.80004882812,2341.12148597592,223.678562852198
2012-09-13,2543.21997070312,2346.78066566342,196.439305039698
2012-09-14,2594.56005859375,2353.12607662013,241.433981973616
2012-09-17,2583.57006835938,2359.42362000512,224.146448354257
2012-09-18,2553.39990234375,2365.4332895748,187.966612768955
2012-09-19,2567.669921875,2372.59656762295,195.073354252049
2012-09-20,2553.03002929688,2379.56509349385,173.464935803027
2012-09-21,2577.080078125,2386.31050284964,190.769575275358
2012-09-24,2557.88989257812,2392.87230244621,165.017590131911
2012-09-25,2568.47998046875,2397.85197473745,170.628005731301
2012-09-26,2498.52001953125,2401.23623607198,97.2837834592724
2012-09-27,2506.06005859375,2404.27935290728,101.780705686475
2012-09-28,2454.26000976562,2406.60476434426,47.6552454213574
2012-10-01,2498.81005859375,2410.11116002818,88.6988985655735
2012-10-02,2493.59008789062,2414.34198098105,79.2481069095747
2012-10-03,2492.47998046875,2418.67919521644,73.8007852523051
2012-10-04,2485.75,2422.67755427126,63.0724457287397
2012-10-05,2531.2099609375,2427.34935722976,103.860603707736
2012-10-08,2496.09008789062,2431.74411260886,64.3459752817571
2012-10-09,2472.22998046875,2435.2382092085,36.9917712602455
2012-10-10,2456.5400390625,2438.59198098105,17.9480580814547
2012-10-11,2487.080078125,2442.46624455686,44.6138335681353
2012-10-12,2469.09008789062,2445.4890336834,23.6010542072186
2012-10-15,2485.1201171875,2448.4836265689,36.6364906185963
2012-10-16,2547.89990234375,2453.57493516265,94.3249671810963
2012-10-17,2569.830078125,2459.97690269595,109.853175429047
2012-10-18,2574.18994140625,2466.90558961962,107.284351786629
2012-10-19,2542.23999023438,2473.18673555968,69.0532546746977
2012-10-22,2531.10009765625,2477.7777199667,53.3223776895488
2012-10-23,2477.919921875,2480.6742763832,-2.75435450819668
2012-10-24,2490.580078125,2483.13771932633,7.44235879866801
2012-10-25,2483.42993164062,2485.72312852203,-2.29319688140868
2012-10-26,2496.10009765625,2489.538538198,6.56155945824776
2012-10-29,2478.84008789062,2491.28050557121,-12.4404176805892
2012-10-30,2515.98999023438,2493.19312724129,22.7968629930892
2012-10-31,2503.63989257812,2494.23246990266,9.40742267545602
2012-11-01,2533.8701171875,2495.89788117956,37.9722360079409
2012-11-02,2547.14990234375,2497.70296090548,49.4469414382688
2012-11-05,2517.669921875,2499.25132076076,18.4186011142419
2012-11-06,2535.93994140625,2501.21820568648,34.7217357197746
2012-11-07,2479.10009765625,2501.98558369621,-22.8854860399588
2012-11-08,2479.1298828125,2502.78459992956,-23.6547171170591
2012-11-09,2479.82006835938,2503.16640384862,-23.3463354892369
2012-11-12,2473.52001953125,2503.19902663934,-29.6790071080941
2012-11-13,2493.13989257812,2503.63869588883,-10.4988033107115
2012-11-14,2472.84008789062,2503.35295930456,-30.5128714139391
2012-11-15,2461.77001953125,2503.50115666624,-41.7311371349892
2012-11-16,2427.32006835938,2503.47083119877,-76.1507628393902
2012-11-19,2495.2099609375,2504.47050300973,-9.26054207223342
2012-11-20,2509.6201171875,2505.25411036757,4.36600681992877
2012-11-21,2519.67993164062,2506.52558273566,13.1543489049645
2012-11-22,2535.09008789062,2508.17902711962,26.9110607709995
2012-11-23,2557.03002929688,2510.69099401255,46.3390352843294
2012-11-26,2542.52001953125,2512.36001136655,30.1600081647034
2012-11-27,2543.44995117188,2513.67607742059,29.7738737512859
2012-11-28,2546.84008789062,2515.48427494237,31.3558129482535
2012-11-29,2581.68994140625,2517.77738777536,63.9125536308916
2012-11-30,2575.25,2518.60197873975,56.6480212602464
2012-12-03,2582.36010742188,2519.31935594903,63.0407514728536
2012-12-04,2590.830078125,2520.3406682249,70.489409900103
2012-12-05,2592.09008789062,2520.90526143058,71.1848264600367
2012-12-06,2603.40991210938,2521.53821000896,81.8717021004154
2012-12-07,2601.3701171875,2522.49149109887,78.8786260886272
2012-12-10,2596.02001953125,2522.51542488473,73.5045946465166
2012-12-11,2624.03002929688,2523.17870293289,100.851326363991
2012-12-12,2630.34008789062,2524.44001745005,105.900070440569
2012-12-13,2627.65991210938,2525.42345991291,102.236452196471
2012-12-14,2630.5400390625,2526.69411581071,103.845923251793
2012-12-17,2628.01000976562,2527.52903272285,100.480977042772
2012-12-18,2643.5,2528.93247710681,114.567522893187
2012-12-19,2654.68994140625,2530.34575515497,124.344186251281
2012-12-20,2658.30004882812,2532.96509989754,125.33494893058
2012-12-21,2651.09008789062,2535.34264136142,115.747446529196
2012-12-27,2659.94995117188,2538.71460761399,121.235343557895
2012-12-28,2626.85009765625,2540.8136246478,86.0364730084534
2013-01-03,2701.21997070312,2544.21739321849,157.002577484627
2013-01-04,2709.35009765625,2547.77264104124,161.577456615011
2013-01-07,2695.56005859375,2551.21215019851,144.347908395236
2013-01-08,2691.44995117188,2553.83903528432,137.610915887557
2013-01-09,2706.38989257812,2557.28657306609,149.103319512034
2013-01-10,2708.27001953125,2561.15608190318,147.113937628074
2013-01-11,2717.7900390625,2565.43886878842,152.351170274078
2013-01-14,2715.15991210938,2569.1778824603,145.982029649083
2013-01-15,2701.59008789062,2572.98935787013,128.600730020487
2013-01-16,2702.5400390625,2576.55361888448,125.986420178023
2013-01-17,2718.92993164062,2579.35738985656,139.572541784063
2013-01-18,2709.59008789062,2581.64853755763,127.941550332987
2013-01-21,2726.6298828125,2584.14755299052,142.482329821978
2013-01-22,2716.69995117188,2587.00755235015,129.692398821727
2013-01-23,2708.28002929688,2589.91214139344,118.367887903438
2013-01-24,2722.9599609375,2593.92919121414,129.030769723361
2013-01-25,2744.17993164062,2598.08656586194,146.093365778684
2013-01-28,2744.5,2602.36640304816,142.133596951845
2013-01-29,2749.27001953125,2606.51672963627,142.75328989498
2013-01-30,2732.1201171875,2610.66886126409,121.451255923412
2013-01-31,2702.97998046875,2613.73427094006,89.2457095286891
2013-02-01,2710.080078125,2617.1185362769,92.9615418481048
2013-02-04,2625.169921875,2618.61525438653,6.55466748847357
2013-02-05,2651.2099609375,2620.32115698642,30.8888039510762
2013-02-06,2617.35009765625,2621.95525822874,-4.60516057248969
2013-02-07,2597.919921875,2622.97132348233,-25.0514016073257
2013-02-08,2630.30004882812,2625.45001120645,4.85003762166525
2013-02-11,2622.61010742188,2627.80214603612,-5.19203861423648
2013-02-12,2648.830078125,2630.57280193391,18.2572761910865
2013-02-13,2656.86010742188,2633.57837714524,23.2817302766448
2013-02-14,2635.35009765625,2635.90969198258,-0.55959432633199
2013-02-15,2615.26000976562,2638.2444448002,-22.9844350345847
2013-02-18,2616.64990234375,2640.78345927254,-24.1335569287908
2013-02-19,2662.3701171875,2644.63673876153,17.7333784259736
2013-02-20,2640.35009765625,2647.01608526511,-6.66598760886245
2013-02-21,2579.76000976562,2648.16591956967,-68.4059098040516
2013-02-22,2630.05004882812,2649.97526575307,-19.9252169249535
2013-02-25,2651.86010742188,2651.88952836834,-0.0294209464600499
2013-02-26,2570.52001953125,2652.11067574923,-81.5906562179812
2013-02-27,2611.88989257812,2653.24788678279,-41.3579942046667
2013-02-28,2633.55004882812,2654.72493756404,-21.1748887359163
2013-03-01,2616.75,2655.87100169698,-39.1210016969771
2013-03-04,2619.78002929688,2656.49542936732,-36.7154000704354
2013-03-05,2683.02001953125,2658.26215099897,24.7578685322751
2013-03-06,2679.88989257812,2659.86099993596,20.0288926421572
2013-03-07,2690.85009765625,2661.50067238729,29.3494252689552
2013-03-08,2728.78002929688,2663.74149109887,65.0385381980072
2013-03-11,2718.7099609375,2665.63165583376,53.0783051037401
2013-03-12,2711.85009765625,2667.44280305456,44.4072946016909
2013-03-13,2704.72998046875,2669.22493356173,35.5050469070188
2013-03-14,2744.69995117188,2671.2031290023,73.4968221695749
2013-03-15,2725.71997070312,2672.76673363858,52.9532370645447
2013-03-18,2705.46997070312,2674.04230836962,31.4276623334995
2013-03-19,2671.9599609375,2674.72132348233,-2.76136254482526
2013-03-20,2708.89990234375,2676.04738729508,32.8525150486685
2013-03-21,2683.919921875,2676.71000896516,7.20991290983648
2013-03-22,2681.669921875,2677.15230372695,4.51761814805377
2013-03-25,2649.28002929688,2677.0044345543,-27.7244052574229
2013-03-26,2641.1201171875,2676.84099241163,-35.720875224129
2013-03-27,2612.4599609375,2676.06246798156,-63.6025070440569
2013-03-28,2624.02001953125,2676.0160732582,-51.9960537269462
2013-04-02,2679.80004882812,2675.66492699795,4.13512183016928
2013-04-03,2639.01000976562,2674.51181080302,-35.5018010374019
2013-04-04,2621.42993164062,2673.29656282018,-51.8666311795641
2013-04-05,2585.28002929688,2671.55607229764,-86.2760430007629
2013-04-08,2589.25,2669.6357461898,-80.3857461898051
2013-04-09,2595.1298828125,2667.78098985015,-72.6511070376532
2013-04-10,2661.6201171875,2666.86017145876,-5.24005427125985
2013-04-11,2674.330078125,2666.19082991803,8.13924820696775
2013-04-12,2633.46997070312,2665.07410668545,-31.6041359823303
2013-04-15,2624.7099609375,2663.79820376537,-39.0882428278683
2013-04-16,2609.30004882812,2662.00099257172,-52.7009437436009
2013-04-17,2553.48999023438,2659.44197457736,-105.951984342976
2013-04-18,2555.5,2656.6365666624,-101.136566662397
2013-04-19,2575.15991210938,2654.31623815318,-79.1563260437961
2013-04-22,2583.6201171875,2652.27263303663,-68.6525158491286
2013-04-23,2662.8798828125,2651.2877137231,11.5921690893961
2013-04-24,2702.05004882812,2650.59705990651,51.4529889216142
2013-04-25,2704.40991210938,2649.93984535092,54.4700667584584
2013-04-26,2683.42993164062,2648.8604996478,34.5694319928234
2013-04-29,2717.3798828125,2648.61885646132,68.7610263511788
2013-04-30,2712,2648.76672563396,63.2332743660354
2013-05-02,2718.89990234375,2648.91131291624,69.9885894275108
2013-05-03,2763.67993164062,2651.18196881404,112.497962826584
2013-05-06,2750.52001953125,2652.81000256147,97.7100169697751
2013-05-07,2769.080078125,2655.29737929047,113.782698834529
2013-05-08,2784.6201171875,2658.35803823002,126.26207895748
2013-05-10,2785.23999023438,2660.89803726947,124.341952964913
2013-05-13,2777.38989257812,2663.43541079662,113.954481781502
2013-05-14,2795.6298828125,2665.84196497182,129.787917840677
2013-05-15,2809.580078125,2668.34557104892,141.234507076076
2013-05-16,2806.69995117188,2671.15458504098,135.545366130897
2013-05-17,2817.98999023438,2674.47802734375,143.51196289063
2013-05-21,2821.64990234375,2677.83868308145,143.811219262295
2013-05-22,2835.01000976562,2680.66884525487,154.341164510754
2013-05-23,2776.78002929688,2682.90540151127,93.8746277856098
2013-05-24,2764.2900390625,2685.93048395876,78.3595551037401
2013-05-27,2795,2688.63458151895,106.365418481045
2013-05-28,2835.8701171875,2691.6511390561,144.218978131404
2013-05-29,2786.5400390625,2695.19245085169,91.3475882108096
2013-05-30,2799.19995117188,2698.26310754995,100.936843621932
2013-05-31,2769.63989257812,2700.49408859503,69.1458039830895
2013-06-03,2747.73999023438,2702.64146548412,45.0985247502613
2013-06-04,2755.69995117188,2704.86966092469,50.8302902471873
2013-06-05,2709.330078125,2705.30097336066,4.02910476434408
2013-06-06,2676.2099609375,2705.24064661245,-29.0306856749489
2013-06-07,2724.080078125,2705.78540039062,18.294677734375
2013-06-10,2719.39990234375,2705.63162781762,13.7682745261272
2013-06-11,2683.19995117188,2705.04949650999,-21.8495453381097
2013-06-12,2666.52001953125,2704.30638047515,-37.7863609439037
2013-06-13,2661.7099609375,2703.60113425333,-41.8911733158302
2013-06-14,2667.32006835938,2702.33261158427,-35.0125432248924
2013-06-17,2702.68994140625,2701.95507012039,0.734871285860663
2013-06-18,2700.92993164062,2701.88064325051,-0.950711609892551
2013-06-19,2683.97998046875,2702.07769275102,-18.0977122822746
2013-06-20,2586.44995117188,2700.07031650231,-113.620365330426
2013-06-21,2549.47998046875,2697.86638303663,-148.38640256788
2013-06-24,2511.830078125,2695.08212330302,-183.252045178023
2013-06-25,2543.3701171875,2693.34589523566,-149.975778048156
2013-06-26,2602.81005859375,2692.71786148822,-89.9078028944673
2013-06-27,2619.86010742188,2692.83917536501,-72.9790679431303
2013-06-28,2602.59008789062,2692.48786501025,-89.897777119626
2013-07-01,2622.6201171875,2691.55048908171,-68.9303718942115
2013-07-02,2603.19995117188,2690.96343894083,-87.7634877689502
2013-07-03,2570.76000976562,2690.13278448386,-119.372774718243
2013-07-04,2646.5400390625,2691.13704693904,-44.5970078765372
2013-07-05,2596.01000976562,2691.24786677126,-95.2378570056403
2013-07-08,2650.85009765625,2692.16131291624,-41.3112152599901
2013-07-09,2664.13989257812,2692.20262070953,-28.0627281314087
2013-07-10,2659.7099609375,2691.96294665727,-32.2529857197746
2013-07-11,2681.32006835938,2692.74737448771,-11.4273061283252
2013-07-12,2674.8701171875,2693.56967213115,-18.6995549436479
2013-07-15,2686.68994140625,2694.83835889472,-8.14841748847357
2013-07-16,2665.61010742188,2696.67639360272,-31.0662861808355
2013-07-17,2681.8798828125,2698.7481949603,-16.8683121477975
2013-07-18,2717.98999023438,2701.08967165087,16.9003185835086
2013-07-19,2716.169921875,2703.2626192687,12.9073026063006
2013-07-22,2725.39990234375,2704.28753762167,21.1123647220793
2013-07-23,2722.89990234375,2704.62933849898,18.2705638447742
2013-07-24,2752.25,2705.41360223489,46.8363977651125
2013-07-25,2740.2900390625,2706.34573514344,33.9443039190569
2013-07-26,2741.9599609375,2706.74868724385,35.2112736936469
2013-07-29,2741.72998046875,2707.23606397285,34.493916495901
2013-07-30,2759.2099609375,2707.89688460553,51.3130763319668
2013-07-31,2768.14990234375,2707.97016281378,60.1797395299686
2013-08-02,2811,2708.96163790343,102.038362096567
2013-08-05,2809.080078125,2709.61737560835,99.4627025166492
2013-08-06,2790.78002929688,2709.71835777408,81.0616715228016
2013-08-07,2794.43994140625,2709.86917664575,84.5707647605013
2013-08-08,2816.8798828125,2710.51655353484,106.363329277663
2013-08-09,2825.6201171875,2711.00819672131,114.611920466188
2013-08-12,2827.14990234375,2711.29622662654,115.853675717212
2013-08-13,2841.61010742188,2711.86852426998,129.7415831519
2013-08-14,2852.080078125,2712.42737816983,139.652699955174
2013-08-15,2835.86010742188,2712.66033235144,123.199775070445
2013-08-16,2854.27001953125,2712.97607021645,141.293949314805
2013-08-19,2823.35009765625,2713.73951396004,109.610583696208
2013-08-20,2787.97998046875,2714.12787365523,73.8521068135237
2013-08-21,2774.580078125,2713.7931208376,60.786957287397
2013-08-22,2812.32006835938,2713.40705446337,98.9130138960086
2013-08-23,2826.05004882812,2714.0547595415,111.995289286624
2013-08-26,2821.44995117188,2714.41951363986,107.030437532023
2013-08-27,2749.27001953125,2714.08558129483,35.1844382364234
2013-08-28,2742.61010742188,2714.00148485528,28.6086225666027
2013-08-29,2758.31005859375,2714.04427350154,44.2657850922124
2013-08-30,2721.3701171875,2714.24165119109,7.12846599641307
2013-09-03,2753.35009765625,2715.50624359631,37.8438540599377
2013-09-04,2758.2900390625,2716.06706262807,42.2229764344256
2013-09-05,2774.19995117188,2716.96542408427,57.2345270876067
2013-09-06,2803.419921875,2718.93624327613,84.4836785988723
2013-09-09,2798.31005859375,2721.09673571978,77.2133228739749
2013-09-10,2851.39990234375,2724.20640689037,127.19349545338
2013-09-11,2863.43994140625,2727.42148677638,136.018454629866
2013-09-12,2862.07006835938,2730.03427574283,132.035792616552
2013-09-13,2867.11010742188,2732.75854091957,134.35156650231
2013-09-16,2894.63989257812,2736.21198210169,158.427910476429
2013-09-17,2890.94995117188,2741.20378538038,149.7461657915
2013-09-18,2908.919921875,2747.09624343622,161.82367843878
2013-09-19,2936.19995117188,2754.05312660092,182.146824570957
2013-09-20,2927.18994140625,2760.3452548668,166.844686539446
2013-09-23,2906.35009765625,2765.32132108094,141.028776575306
2013-09-24,2922.92993164062,2770.28967885502,152.640252785599
2013-09-25,2927.35009765625,2775.61361344134,151.736484214907
2013-09-26,2922.98999023438,2780.5377097208,142.45228051358
2013-09-27,2919.34008789062,2785.72033491291,133.61975297771
2013-09-30,2893.14990234375,2791.00541511911,102.144487224641
2013-10-01,2933.02001953125,2795.70180824155,137.318211289702
2013-10-02,2918.31005859375,2800.98541559939,117.324642994364
2013-10-03,2902.1201171875,2805.10459624744,97.0155209400605
2013-10-04,2928.31005859375,2809.43525470671,118.874803887038
2013-10-07,2923.0400390625,2813.75214123335,109.287897829149
2013-10-08,2903.35009765625,2817.3919777792,85.9581198770484
2013-10-09,2904.72998046875,2821.16017225922,83.5698082095278
2013-10-10,2969.40991210938,2825.79492587731,143.614986232074
2013-10-11,2974.28002929688,2830.85508853099,143.424940765885
2013-10-14,2977.68994140625,2835.70443375384,141.985507652407
2013-10-15,3004.56005859375,2840.40230372695,164.157754866802
2013-10-16,3015.39990234375,2845.30771324283,170.092189100921
2013-10-17,3010.38989257812,2849.97968029585,160.410212282269
2013-10-18,3033.31005859375,2855.06837138192,178.241687211833
2013-10-21,3028.64990234375,2859.59951732198,169.050385021772
2013-10-22,3045.77001953125,2864.60738585425,181.162633676997
2013-10-23,3017.15991210938,2869.11886046363,148.041051645752
2013-10-24,3038.9599609375,2873.99148309426,164.968477843237
2013-10-25,3034.5,2878.5044345543,155.995565445696
2013-10-28,3022.0400390625,2882.66656794314,139.373471119364
2013-10-29,3050.63989257812,2886.59509077229,164.044801805835
2013-10-30,3040.68994140625,2890.3919737769,150.297967629354
2013-10-31,3067.94995117188,2894.93574298796,173.014208183918
2013-11-01,3052.13989257812,2899.16033235144,152.979560226685
2013-11-04,3061.17993164062,2903.16525118468,158.014680455937
2013-11-05,3035.919921875,2906.61278896645,129.307132908555
2013-11-06,3056.39990234375,2910.37098568776,146.028916655993
2013-11-07,3042.97998046875,2913.67213114754,129.307849321208
2013-11-08,3034.90991210938,2916.66934154073,118.240570568652
2013-11-11,3052.830078125,2920.22622630635,132.603851818647
2013-11-12,3034.67993164062,2923.18376584913,111.496165791491
2013-11-13,3021.169921875,2926.42671378714,94.7432080878584
2013-11-14,3053.68994140625,2930.78261478612,122.907326620133
2013-11-15,3054.53002929688,2935.37195824795,119.158071048929
2013-11-18,3081.30004882812,2939.78146612449,141.518582703632
2013-11-19,3049.169921875,2943.43916896132,105.730752913678
2013-11-20,3047.32006835938,2947.14195776767,100.178110591705
2013-11-21,3044.34008789062,2951.97917200307,92.3609158875461
2013-11-22,3055.97998046875,2957.11638303663,98.8635974321205
2013-11-25,3072.75,2962.27113617444,110.478863825563
2013-11-26,3062.6201171875,2967.86539846952,94.7547187179812
2013-11-27,3082.64990234375,2973.26375592341,109.386146420338
2013-11-28,3092.419921875,2978.74129498591,113.678626889088
2013-11-29,3086.63989257812,2983.86326123847,102.776631339646
2013-12-02,3077.22998046875,2988.35195072362,88.8780297451331
2013-12-03,3013.8798828125,2991.88588226819,21.9940005443136
2013-12-04,2991.76000976562,2994.18686763576,-2.42685787013806
2013-12-05,2953.169921875,2995.65785092213,-42.4879290471313
2013-12-06,2979.93994140625,2997.5901439229,-17.6502025166496
2013-12-09,2988.669921875,2999.58292776639,-10.9130058913934
2013-12-10,2960.86010742188,3000.66850505891,-39.808397637034
2013-12-11,2947.31005859375,3001.59244124616,-54.2823826524077
2013-12-12,2928.1201171875,3001.90719854636,-73.7870813588625
2013-12-13,2921.919921875,3001.67309970543,-79.7531778304301
2013-12-16,2978.77001953125,3002.51867475666,-23.7486552254095
2013-12-17,2941.76000976562,3003.09916511911,-61.3391553534884
2013-12-18,2975.09008789062,3003.9542496478,-28.864161757177
2013-12-19,3014.69995117188,3005.38621445953,9.31373671235133
2013-12-20,3049.35009765625,3007.45769163038,41.892406025871
2013-12-23,3070.90991210938,3009.94244284708,60.9674692623003
2013-12-27,3111.3701171875,3013.51982341829,97.850293769211
2013-12-30,3100.92993164062,3016.27244492828,84.6574867123413
2014-01-03,3074.42993164062,3018.83178710937,55.5981445312455
2014-01-06,3069.15991210938,3021.57014440318,47.5897677062039
2014-01-07,3110.9599609375,3024.56440509734,86.395555840164
2014-01-08,3110.65991210938,3027.64014072106,83.0197713883249
2014-01-09,3090.26000976562,3030.70423764088,59.5557721247392
2014-01-10,3104.14990234375,3033.97341668801,70.1764856557379
2014-01-13,3111.93994140625,3036.30997454534,75.6299668609122
2014-01-14,3119.53002929688,3038.69112208632,80.8389072105583
2014-01-15,3168.76000976562,3041.82341828893,126.936591476686
2014-01-16,3150.19995117188,3044.21095751153,105.988993660354
2014-01-17,3154.10009765625,3046.48473120517,107.615366451076
2014-01-20,3153.169921875,3048.82538742316,104.344534451845
2014-01-21,3153.080078125,3050.78883036629,102.291247758709
2014-01-22,3151.27001953125,3052.79899622182,98.4710233094265
2014-01-23,3117.080078125,3053.96801357582,63.1120645491806
2014-01-24,3028.19995117188,3054.14899782275,-25.9490466508655
2014-01-27,3014.6201171875,3053.74998399078,-39.1298668032787
2014-01-28,3038.60009765625,3053.81719870645,-15.2171010502047
2014-01-29,3011.44995117188,3053.64359070825,-42.1936395363678
2014-01-30,3027.30004882812,3053.2609703189,-25.9609214907837
2014-01-31,3013.9599609375,3052.82277391778,-38.8628129802764
2014-02-03,2963.9599609375,3051.11801997951,-87.1580590420081
2014-02-04,2962.48999023438,3049.64834944928,-87.1583592149027
2014-02-05,2962.51000976562,3048.03080974641,-85.520799980794
2014-02-06,3010.7900390625,3047.61884445441,-36.8288053919059
2014-02-07,3038.48999023438,3047.32523933786,-8.83524910347887
2014-02-10,3032.53002929688,3047.15392866291,-14.6238993660299
2014-02-11,3077.080078125,3047.84524285989,29.2348352651125
2014-02-12,3094.88989257812,3048.53474801486,46.3551445632634
2014-02-13,3097.94995117188,3049.5719614498,48.3779897220847
2014-02-14,3119.06005859375,3051.17671778945,67.8833408043033
2014-02-18,3117.43994140625,3052.22179975666,65.21814164959
2014-02-19,3120.80004882812,3053.30819351947,67.4918553086527
2014-02-20,3121.59008789062,3053.96868596311,67.6214019275053
2014-02-21,3131.669921875,3055.32114497951,76.3487768954919
2014-02-24,3157.31005859375,3057.12425957351,100.185799020236
2014-02-25,3157.47998046875,3058.97901191086,98.5009685578893
2014-02-26,3148.18994140625,3060.49065061475,87.699290791496
2014-02-27,3134.93994140625,3061.51015785092,73.429783555328
2014-02-28,3149.22998046875,3062.9299916752,86.2999887935453
2014-03-03,3053.98999023438,3062.46015705046,-8.47016681608102
2014-03-04,3136.330078125,3063.17999567751,73.1500824474897
2014-03-05,3135.96997070312,3063.98868548284,71.9812852202817
2014-03-06,3144.53002929688,3065.09196497182,79.4380643250561
2014-03-07,3095.31005859375,3066.42688588627,28.8831727074794
2014-03-10,3092.7900390625,3068.08311587474,24.7069231877558
2014-03-11,3092.55004882812,3070.36803598873,22.1820128393902
2014-03-12,3065.4599609375,3071.77000352203,-6.31004258452867
2014-03-13,3019.5400390625,3072.27607101691,-52.7360319544059
2014-03-14,3004.63989257812,3072.99377241291,-68.35387983479
2014-03-17,3049.18994140625,3074.66393442623,-25.4739930199794
2014-03-18,3073.75,3077.0513095543,-3.30130955430332
2014-03-19,3076.36010742188,3079.58311587474,-3.22300845286372
2014-03-20,3088.89990234375,3081.3885237897,7.51137855404704
2014-03-21,3096.48999023438,3083.92508084657,12.5649093878123
2014-03-24,3052.90991210938,3085.20081566983,-32.2909035604462
2014-03-25,3096.63989257812,3086.5440933978,10.0957991803225
2014-03-26,3130.169921875,3087.86900854892,42.3009133260757
2014-03-27,3133.75,3088.89917392418,44.8508260758194
2014-03-28,3172.42993164062,3089.90015448899,82.5297771516343
2014-03-31,3161.60009765625,3090.89474737449,70.7053502817621
2014-04-01,3186.34008789062,3092.7293400999,93.6107477907221
2014-04-02,3187.44995117188,3094.66852106814,92.7814301037447
2014-04-03,3206.76000976562,3096.23901367188,110.520996093745
2014-04-04,3230.330078125,3098.20081967213,132.129258452869
2014-04-07,3185.96997070312,3099.7698354252,86.2001352779153
2014-04-08,3177.65991210938,3100.97491755251,76.6849945568697
2014-04-09,3182.7900390625,3102.13639456327,80.6536444992316
2014-04-10,3152.86010742188,3102.68278928663,50.177318135251
2014-04-11,3116.5400390625,3101.82672419314,14.7133148693647
2014-04-14,3131.57006835938,3101.52131627818,30.0487520812035
2014-04-15,3091.52001953125,3100.49541335809,-8.97539382684454
2014-04-16,3139.26000976562,3100.26738201204,38.992627753581
2014-04-17,3155.81005859375,3100.31213579022,55.497922803535
2014-04-22,3199.68994140625,3101.10590500128,98.5840364049691
2014-04-23,3175.96997070312,3102.07131307633,73.898657626788
2014-04-24,3189.81005859375,3104.72065909964,85.0893994941089
2014-04-25,3147.39990234375,3106.89737688909,40.5025254546622
2014-04-28,3165.84008789062,3108.98327836834,56.85680952228
2014-04-29,3208.67993164062,3112.21655673668,96.4633749039399
2014-04-30,3198.38989257812,3115.02130827357,83.3685843045546
2014-05-02,3177.88989257812,3117.7086842021,60.1812083760201
2014-05-05,3171.2900390625,3121.10753794185,50.1825011206461
2014-05-06,3149.7900390625,3124.17803054559,25.6120085169064
2014-05-07,3159.669921875,3127.4101602523,32.2597616226949
2014-05-08,3204.30004882812,3130.58245549436,73.7175933337558
2014-05-09,3184.09008789062,3132.96934234119,51.1207455494323
2014-05-12,3206.96997070312,3135.82901351178,71.1409571913382
2014-05-13,3211.78002929688,3138.03720943263,73.7428198642474
2014-05-14,3210.419921875,3139.93114433914,70.4887775358611
2014-05-15,3163.21997070312,3141.00114465932,22.218826043797
2014-05-16,3172.71997070312,3141.88081534964,30.8391553534793
2014-05-19,3169.89990234375,3142.74081470927,27.1590876344785
2014-05-20,3163.92993164062,3143.44786196849,20.4820696721272
2014-05-21,3187.080078125,3144.52146836578,42.5586097592222
2014-05-22,3187.6298828125,3145.43884477459,42.1910380379109
2014-05-23,3203.28002929688,3146.19245085169,57.08757844519
2014-05-26,3240.38989257812,3147.55162973873,92.8382628393915
2014-05-27,3244.28002929688,3149.1268770812,95.153152215682
2014-05-28,3246.23999023438,3150.95146804559,95.2885221887864
2014-05-30,3244.60009765625,3152.51491258965,92.085185066599
2014-06-02,3247.80004882812,3155.69212666496,92.1079221631617
2014-06-03,3241.0400390625,3157.40868340164,83.6313556608616
2014-06-04,3237.92993164062,3159.08015817111,78.8497734695143
2014-06-05,3267.05004882812,3161.08868308145,105.961365746666
2014-06-06,3294.28002929688,3164.35048587987,129.929543417014
2014-06-10,3313.80004882812,3167.97360079406,145.826448034064
